{"sections":{"custom_liquid_iin6zG":{"type":"custom-liquid","name":"t:sections.custom-liquid.presets.name","settings":{"custom_liquid":"<!DOCTYPE html>\n<html lang=\"es\">\n<head>\n  <meta charset=\"UTF-8\">\n  <meta name=\"viewport\" content=\"width=device-width, initial-scale=1.0\">\n  <meta name=\"description\" content=\"ALCI - Asistente de IA que automatiza tus mensajes 24\/7\">\n  <title>ALCI - Tu Asistente de IA 24\/7<\/title>\n  \n  <link rel=\"preconnect\" href=\"https:\/\/fonts.googleapis.com\">\n  <link rel=\"preconnect\" href=\"https:\/\/fonts.gstatic.com\" crossorigin>\n  <link href=\"https:\/\/fonts.googleapis.com\/css2?family=Inter:wght@400;600;700;800;900&display=swap\" rel=\"stylesheet\">\n  <link href=\"https:\/\/cdnjs.cloudflare.com\/ajax\/libs\/aos\/2.3.4\/aos.css\" rel=\"stylesheet\">\n\n  <style>\n*{margin:0;padding:0;box-sizing:border-box}:root{--bg:#080D1F;--cyan:#00C2FF;--light:#7AF3FF;--white:#FFF;--gray:#94A3B8;--glass:rgba(255,255,255,.05);--border:rgba(0,194,255,.2)}[data-theme=light]{--bg:#FFF;--cyan:#0284C7;--light:#38BDF8;--white:#0F172A;--gray:#64748B;--glass:rgba(255,255,255,.7);--border:rgba(2,132,199,.3)}html{scroll-behavior:smooth;-webkit-font-smoothing:antialiased}body{font-family:Inter,-apple-system,sans-serif;background:linear-gradient(180deg,#080D1F 0%,#0a1128 50%,#1a2847 100%);color:var(--white);line-height:1.6;overflow-x:hidden;min-height:100vh;position:relative}.scroll-progress{position:fixed;top:0;left:0;width:0;height:4px;background:linear-gradient(90deg,var(--cyan),var(--light));z-index:9999;box-shadow:0 0 20px var(--cyan)}.theme-toggle{position:fixed;top:20px;right:20px;width:50px;height:50px;background:var(--glass);border:2px solid var(--cyan);border-radius:50%;display:flex;align-items:center;justify-content:center;cursor:pointer;z-index:9999;backdrop-filter:blur(20px);transition:all .3s;font-size:1.5rem}.theme-toggle:hover{transform:scale(1.1);box-shadow:0 5px 20px var(--cyan)}.stars{position:fixed;top:0;left:0;width:100%;height:100%;z-index:0;pointer-events:none;background:radial-gradient(2px 2px at 20% 30%,white,transparent),radial-gradient(2px 2px at 60% 70%,white,transparent),radial-gradient(1px 1px at 50% 50%,white,transparent),radial-gradient(1px 1px at 80% 10%,white,transparent),radial-gradient(2px 2px at 90% 60%,white,transparent),radial-gradient(1px 1px at 33% 90%,white,transparent);background-size:200% 200%;animation:starsAnim 60s linear infinite;opacity:.6}@keyframes starsAnim{100%{background-position:100% 100%}}.particles{position:fixed;top:0;left:0;width:100%;height:100%;z-index:1;pointer-events:none}.particle{position:absolute;width:4px;height:4px;background:var(--cyan);border-radius:50%;opacity:.4;animation:float 20s infinite ease-in-out}@keyframes float{0%,100%{transform:translate(0,0) scale(1);opacity:.3}50%{transform:translate(100px,-100px) scale(1.5);opacity:.7}}.main{position:relative;z-index:10}.hero{min-height:100vh;display:flex;align-items:center;justify-content:center;padding:20px 5%;text-align:center}.hero-logo{width:120px;height:120px;margin:0 auto 30px;animation:logoFloat 4s ease-in-out infinite}@keyframes logoFloat{0%,100%{transform:translateY(0)}50%{transform:translateY(-20px)}}.logo-circle{width:120px;height:120px;background:linear-gradient(135deg,var(--cyan),var(--light));border-radius:50%;display:flex;align-items:center;justify-content:center;font-size:2.5rem;font-weight:900;color:var(--bg);box-shadow:0 0 60px var(--cyan);position:relative}.logo-circle::before{content:'';position:absolute;width:140px;height:140px;border:2px solid var(--cyan);border-radius:50%;animation:logoRing 3s linear infinite}@keyframes logoRing{0%{transform:scale(1);opacity:1}100%{transform:scale(1.4);opacity:0}}.hero-title{font-size:clamp(2.5rem,8vw,5.5rem);font-weight:900;letter-spacing:-.03em;line-height:1.1;margin-bottom:25px;background:linear-gradient(135deg,var(--white),var(--light),var(--cyan));-webkit-background-clip:text;-webkit-text-fill-color:transparent}.rotating-msgs{height:80px;overflow:hidden;margin-bottom:30px}.msg-item{font-size:clamp(1.2rem,3vw,1.8rem);color:var(--gray);font-weight:500;opacity:0;animation:msgRotate 12s infinite}@keyframes msgRotate{0%,25%{opacity:0;transform:translateY(40px)}30%,60%{opacity:1;transform:translateY(0)}65%,100%{opacity:0;transform:translateY(-40px)}}.msg-item:nth-child(2){animation-delay:4s}.msg-item:nth-child(3){animation-delay:8s}.hero-cta{display:flex;gap:20px;justify-content:center;flex-wrap:wrap;margin-top:40px}.btn{padding:18px 40px;font-size:1.1rem;font-weight:700;text-decoration:none;border-radius:50px;transition:all .3s;cursor:pointer;border:none;display:inline-flex;align-items:center;gap:10px;position:relative;overflow:hidden}.btn::before{content:'';position:absolute;top:50%;left:50%;width:0;height:0;background:rgba(255,255,255,.3);border-radius:50%;transform:translate(-50%,-50%);transition:width .5s,height .5s}.btn:hover::before{width:300px;height:300px}.btn-primary{background:linear-gradient(135deg,var(--cyan),var(--light));color:var(--bg);box-shadow:0 10px 40px rgba(0,194,255,.4);z-index:1}.btn-primary:hover{transform:translateY(-3px);box-shadow:0 15px 60px rgba(0,194,255,.6)}.btn-secondary{background:var(--glass);color:var(--white);border:2px solid var(--cyan);backdrop-filter:blur(10px)}.btn-secondary:hover{background:rgba(0,194,255,.1)}.section{padding:100px 5%;position:relative}.section-header{text-align:center;max-width:900px;margin:0 auto 70px}.section-title{font-size:clamp(2.5rem,5vw,4rem);font-weight:800;margin-bottom:20px;background:linear-gradient(135deg,var(--white),var(--cyan));-webkit-background-clip:text;-webkit-text-fill-color:transparent}.section-subtitle{font-size:clamp(1.1rem,2vw,1.4rem);color:var(--gray);line-height:1.8}.grid-3{display:grid;grid-template-columns:repeat(auto-fit,minmax(280px,1fr));gap:35px;max-width:1200px;margin:0 auto}.card{background:var(--glass);border:1px solid var(--border);border-radius:24px;padding:35px 30px;transition:all .4s;backdrop-filter:blur(20px);text-align:center}.card:hover{transform:translateY(-10px) scale(1.02);border-color:var(--cyan);box-shadow:0 20px 60px rgba(0,194,255,.3)}.icon{font-size:3rem;margin-bottom:20px;filter:drop-shadow(0 0 20px var(--cyan));display:inline-block}.card-title{font-size:1.4rem;font-weight:700;margin-bottom:15px}.card-text{color:var(--gray);line-height:1.7}.chat-demo{max-width:900px;margin:60px auto 0;background:var(--glass);border:2px solid var(--cyan);border-radius:32px;overflow:hidden;box-shadow:0 30px 80px rgba(0,194,255,.4);backdrop-filter:blur(30px)}.chat-header{background:linear-gradient(135deg,var(--cyan),var(--light));padding:25px 30px;display:flex;align-items:center;gap:20px}.chat-avatar{width:60px;height:60px;background:var(--bg);border-radius:50%;display:flex;align-items:center;justify-content:center;font-weight:900;font-size:1.5rem;color:var(--cyan)}.chat-info h3{font-size:1.4rem;font-weight:700;color:var(--bg);margin-bottom:5px}.chat-status{display:flex;align-items:center;gap:8px;color:var(--bg);opacity:.9;font-size:.95rem}.status-dot{width:10px;height:10px;background:#0f0;border-radius:50%;animation:pulse 2s ease-in-out infinite}@keyframes pulse{0%,100%{opacity:1;transform:scale(1)}50%{opacity:.5;transform:scale(.8)}}.chat-messages{padding:40px 30px;min-height:400px;max-height:500px;overflow-y:auto;display:flex;flex-direction:column;gap:20px}.chat-msg{max-width:75%;padding:16px 22px;border-radius:20px;animation:msgIn .4s ease-out;line-height:1.6}@keyframes msgIn{from{opacity:0;transform:translateY(20px)}to{opacity:1;transform:translateY(0)}}.chat-msg.bot{background:rgba(0,194,255,.15);border:1px solid var(--cyan);align-self:flex-start;border-bottom-left-radius:4px}.chat-msg.user{background:rgba(255,255,255,.1);border:1px solid rgba(255,255,255,.2);align-self:flex-end;border-bottom-right-radius:4px}.typing{display:none;align-items:center;gap:8px;padding:16px 22px;background:rgba(0,194,255,.15);border:1px solid var(--cyan);border-radius:20px;max-width:80px}.typing.active{display:flex}.typing-dot{width:8px;height:8px;background:var(--cyan);border-radius:50%;animation:typeDot 1.4s infinite}@keyframes typeDot{0%,60%,100%{transform:translateY(0);opacity:.7}30%{transform:translateY(-10px);opacity:1}}.typing-dot:nth-child(2){animation-delay:.2s}.typing-dot:nth-child(3){animation-delay:.4s}.chat-input{padding:20px;border-top:1px solid var(--border);display:flex;gap:10px;align-items:center}.chat-input input{flex:1;background:rgba(255,255,255,.08);border:1px solid var(--border);border-radius:50px;padding:14px 20px;color:var(--white);font-family:Inter,sans-serif;font-size:1rem;min-width:0}.chat-input input:focus{outline:0;border-color:var(--cyan);box-shadow:0 0 20px rgba(0,194,255,.2)}.chat-input input::placeholder{color:var(--gray)}.chat-send{width:50px;height:50px;min-width:50px;background:linear-gradient(135deg,var(--cyan),var(--light));border:none;border-radius:50%;cursor:pointer;display:flex;align-items:center;justify-content:center;transition:all .3s;flex-shrink:0}.chat-send:hover{transform:scale(1.1)}.chat-send svg{width:20px;height:20px}.demo-card{background:var(--glass);border:1px solid var(--border);border-radius:24px;overflow:hidden;transition:all .4s;backdrop-filter:blur(20px)}.demo-card:hover{transform:translateY(-10px) scale(1.02);border-color:var(--cyan);box-shadow:0 20px 60px rgba(0,194,255,.3)}.demo-image{width:100%;height:220px;overflow:hidden;background:var(--bg)}.demo-image img{width:100%;height:100%;object-fit:cover;transition:transform .5s}.demo-card:hover .demo-image img{transform:scale(1.1)}.demo-content{padding:30px 25px}.success-metric{font-size:2.5rem;font-weight:900;color:var(--cyan);margin:15px 0;text-shadow:0 0 30px rgba(0,194,255,.5)}.pricing-grid{display:grid;grid-template-columns:repeat(auto-fit,minmax(280px,1fr));gap:30px;max-width:1400px;margin:0 auto}.pricing-card{text-align:center;position:relative}.pricing-card.featured{border-color:var(--cyan);transform:scale(1.05);box-shadow:0 25px 70px rgba(0,194,255,.4)}.pricing-badge{position:absolute;top:20px;right:20px;background:var(--cyan);color:var(--bg);padding:8px 20px;border-radius:50px;font-size:.85rem;font-weight:700;z-index:1}.pricing-plan{font-size:1.8rem;font-weight:700;margin-bottom:20px}.pricing-price{font-size:3.5rem;font-weight:900;color:var(--cyan);margin-bottom:10px}.pricing-period{color:var(--gray);font-size:1.1rem;margin-bottom:30px}.pricing-features{list-style:none;margin-bottom:40px;text-align:left}.pricing-features li{padding:12px 0;color:var(--gray);display:flex;align-items:center;gap:12px}.pricing-features li::before{content:'✓';color:var(--cyan);font-weight:900;font-size:1.3rem}.faq-container{max-width:900px;margin:0 auto}.faq-item{background:var(--glass);border:1px solid var(--border);border-radius:16px;margin-bottom:20px;overflow:hidden;backdrop-filter:blur(20px);transition:all .3s}.faq-item:hover{border-color:var(--cyan)}.faq-question{padding:25px 30px;cursor:pointer;display:flex;justify-content:space-between;align-items:center;font-weight:600;font-size:1.1rem;transition:all .3s}.faq-question:hover{color:var(--cyan)}.faq-icon{font-size:1.5rem;transition:transform .3s}.faq-item.active .faq-icon{transform:rotate(180deg)}.faq-answer{max-height:0;overflow:hidden;transition:max-height .4s;color:var(--gray);line-height:1.8}.faq-item.active .faq-answer{max-height:500px;padding:0 30px 25px}.footer{background:rgba(0,0,0,.5);padding:60px 5% 30px;border-top:1px solid var(--border)}.footer-content{max-width:1200px;margin:0 auto;display:grid;grid-template-columns:repeat(auto-fit,minmax(250px,1fr));gap:40px;margin-bottom:40px}.footer-section h3{font-size:1.3rem;margin-bottom:20px;color:var(--cyan)}.footer-links{list-style:none}.footer-links li{margin-bottom:12px}.footer-links a{color:var(--gray);text-decoration:none;transition:all .3s}.footer-links a:hover{color:var(--cyan)}.social-links{display:flex;gap:15px;margin-top:20px}.social-icon{width:45px;height:45px;background:var(--glass);border:1px solid var(--cyan);border-radius:50%;display:flex;align-items:center;justify-content:center;transition:all .3s;text-decoration:none;font-size:1.4rem;backdrop-filter:blur(10px)}.social-icon:hover{background:var(--cyan);transform:translateY(-5px)}.footer-bottom{text-align:center;padding-top:30px;border-top:1px solid var(--border);color:var(--gray)}@media(max-width:768px){.section{padding:60px 5%}.hero-cta{flex-direction:column;align-items:stretch}.btn{width:100%;justify-content:center}.pricing-card.featured{transform:scale(1)}.chat-demo{margin:40px 15px 0}.chat-messages{padding:25px 20px;min-height:300px}.chat-input{padding:15px}.chat-input input{font-size:.95rem;padding:12px 18px}.chat-send{width:45px;height:45px;min-width:45px}.chat-send svg{width:18px;height:18px}.demo-image{height:180px}}@media(max-width:480px){.hero-logo{width:90px;height:90px}.logo-circle{width:90px;height:90px;font-size:2rem}.theme-toggle{width:45px;height:45px;font-size:1.3rem}.chat-avatar{width:50px;height:50px;font-size:1.2rem}.chat-input{gap:8px;padding:12px}.chat-send{width:42px;height:42px;min-width:42px}.chat-send svg{width:16px;height:16px}}\n  <\/style>\n<\/head>\n<body>\n  <div class=\"scroll-progress\"><\/div>\n  <div class=\"theme-toggle\" onclick=\"toggleTheme()\"><span id=\"themeIcon\">🌙<\/span><\/div>\n\n  <div class=\"stars\"><\/div>\n  <div class=\"particles\">\n    <div class=\"particle\" style=\"top:10%;left:20%\"><\/div>\n    <div class=\"particle\" style=\"top:30%;left:70%;animation-delay:2s\"><\/div>\n    <div class=\"particle\" style=\"top:60%;left:40%;animation-delay:4s\"><\/div>\n    <div class=\"particle\" style=\"top:80%;left:80%;animation-delay:6s\"><\/div>\n    <div class=\"particle\" style=\"top:20%;left:90%;animation-delay:1s\"><\/div>\n    <div class=\"particle\" style=\"top:70%;left:10%;animation-delay:3s\"><\/div>\n  <\/div>\n\n  <div class=\"main\">\n    <section class=\"hero\">\n      <div>\n        <div class=\"hero-logo\" data-aos=\"zoom-in\">\n          <div class=\"logo-circle\">AI<\/div>\n        <\/div>\n        <h1 class=\"hero-title\" data-aos=\"fade-up\">Tu Asistente de IA que Nunca Duerme<\/h1>\n        <div class=\"rotating-msgs\" data-aos=\"fade-up\" data-aos-delay=\"100\">\n          <div class=\"msg-item\">💬 Responde a tus clientes 24\/7<\/div>\n          <div class=\"msg-item\">🚀 Automatiza tu negocio completamente<\/div>\n          <div class=\"msg-item\">💰 Convierte mensajes en ventas reales<\/div>\n        <\/div>\n        <div class=\"hero-cta\" data-aos=\"fade-up\" data-aos-delay=\"200\">\n          <a href=\"#demo\" class=\"btn btn-primary\">🤖 Habla con ALCI ahora<\/a>\n          <a href=\"#como\" class=\"btn btn-secondary\">📖 Ver cómo funciona<\/a>\n        <\/div>\n      <\/div>\n    <\/section>\n\n    <section class=\"section\" id=\"sobre\">\n      <div class=\"section-header\" data-aos=\"fade-up\">\n        <h2 class=\"section-title\">¿Qué es ALCI?<\/h2>\n        <p class=\"section-subtitle\">ALCI es tu asistente de inteligencia artificial que automatiza conversaciones 24\/7 convirtiendo mensajes en ventas.<\/p>\n      <\/div>\n      <div class=\"grid-3\">\n        <div class=\"card\" data-aos=\"zoom-in\" data-aos-delay=\"100\">\n          <div class=\"icon\">🤖<\/div>\n          <h3 class=\"card-title\">IA Avanzada<\/h3>\n          <p class=\"card-text\">Procesamiento de lenguaje natural que entiende contexto y responde como un humano profesional.<\/p>\n        <\/div>\n        <div class=\"card\" data-aos=\"zoom-in\" data-aos-delay=\"200\">\n          <div class=\"icon\">⚡<\/div>\n          <h3 class=\"card-title\">Respuesta Instantánea<\/h3>\n          <p class=\"card-text\">Responde en menos de 2 segundos sin importar el volumen de mensajes que recibas.<\/p>\n        <\/div>\n        <div class=\"card\" data-aos=\"zoom-in\" data-aos-delay=\"300\">\n          <div class=\"icon\">🎯<\/div>\n          <h3 class=\"card-title\">Personalizable 100%<\/h3>\n          <p class=\"card-text\">Adaptamos ALCI a tu marca, productos y forma de comunicación única.<\/p>\n        <\/div>\n      <\/div>\n    <\/section>\n\n    <section class=\"section\" id=\"demo\" style=\"background:rgba(0,0,0,.3)\">\n      <div class=\"section-header\" data-aos=\"fade-up\">\n        <h2 class=\"section-title\">Prueba ALCI en Acción<\/h2>\n        <p class=\"section-subtitle\">Conversa con nuestra IA y descubre cómo transformar tu negocio<\/p>\n      <\/div>\n      <div class=\"chat-demo\" data-aos=\"zoom-in\">\n        <div class=\"chat-header\">\n          <div class=\"chat-avatar\">AI<\/div>\n          <div class=\"chat-info\">\n            <h3>ALCI<\/h3>\n            <div class=\"chat-status\"><span class=\"status-dot\"><\/span>En línea ahora<\/div>\n          <\/div>\n        <\/div>\n        <div class=\"chat-messages\" id=\"msgs\">\n          <div class=\"chat-msg bot\">¡Hola! 👋 Soy ALCI, tu asistente de IA. ¿Te gustaría que te muestre cómo automatizar tus mensajes?<\/div>\n          <div class=\"typing\" id=\"typing\">\n            <div class=\"typing-dot\"><\/div>\n            <div class=\"typing-dot\"><\/div>\n            <div class=\"typing-dot\"><\/div>\n          <\/div>\n        <\/div>\n        <div class=\"chat-input\">\n          <input type=\"text\" id=\"input\" placeholder=\"Escribe tu mensaje...\" onkeypress=\"if(event.key==='Enter')sendMessage()\">\n          <button class=\"chat-send\" onclick=\"sendMessage()\">\n            <svg fill=\"none\" stroke=\"currentColor\" stroke-width=\"2\" viewBox=\"0 0 24 24\">\n              <path d=\"M22 2L11 13M22 2l-7 20-4-9-9-4 20-7z\"\/>\n            <\/svg>\n          <\/button>\n        <\/div>\n      <\/div>\n    <\/section>\n\n    <section class=\"section\" id=\"como\">\n      <div class=\"section-header\" data-aos=\"fade-up\">\n        <h2 class=\"section-title\">Cómo Funciona ALCI<\/h2>\n        <p class=\"section-subtitle\">En 3 pasos simples, ALCI estará listo<\/p>\n      <\/div>\n      <div class=\"grid-3\">\n        <div class=\"card\" data-aos=\"flip-left\" data-aos-delay=\"100\">\n          <div class=\"icon\">1️⃣<\/div>\n          <h3 class=\"card-title\">Conectamos ALCI<\/h3>\n          <p class=\"card-text\">Integramos con WhatsApp, Instagram, Facebook y tu sitio web.<\/p>\n        <\/div>\n        <div class=\"card\" data-aos=\"flip-left\" data-aos-delay=\"200\">\n          <div class=\"icon\">2️⃣<\/div>\n          <h3 class=\"card-title\">Entrenamos la IA<\/h3>\n          <p class=\"card-text\">Personalizamos con tu información y estilo.<\/p>\n        <\/div>\n        <div class=\"card\" data-aos=\"flip-left\" data-aos-delay=\"300\">\n          <div class=\"icon\">3️⃣<\/div>\n          <h3 class=\"card-title\">¡Listo para vender!<\/h3>\n          <p class=\"card-text\">ALCI trabaja 24\/7 respondiendo y cerrando ventas.<\/p>\n        <\/div>\n      <\/div>\n    <\/section>\n\n    <section class=\"section\" style=\"background:rgba(0,0,0,.3)\">\n      <div class=\"section-header\" data-aos=\"fade-up\">\n        <h2 class=\"section-title\">Casos de Éxito<\/h2>\n        <p class=\"section-subtitle\">Empresas que multiplicaron ventas con ALCI<\/p>\n      <\/div>\n      <div class=\"grid-3\">\n        <div class=\"demo-card\" data-aos=\"fade-up\" data-aos-delay=\"100\">\n          <div class=\"demo-image\">\n            <img src=\"https:\/\/cdn.shopify.com\/s\/files\/1\/0945\/4511\/7548\/files\/peluquera-cuidando-su-cliente.jpg?v=1760668570\" alt=\"Boutique\" loading=\"lazy\">\n          <\/div>\n          <div class=\"demo-content\">\n            <div class=\"icon\">👗<\/div>\n            <div class=\"success-metric\">+180%<\/div>\n            <h3 class=\"card-title\">Boutique Reflejo Lunar<\/h3>\n            <p class=\"card-text\">\"Duplicamos ventas por Instagram en 30 días\"<\/p>\n          <\/div>\n        <\/div>\n        <div class=\"demo-card\" data-aos=\"fade-up\" data-aos-delay=\"200\">\n          <div class=\"demo-image\">\n            <img src=\"https:\/\/cdn.shopify.com\/s\/files\/1\/0945\/4511\/7548\/files\/Captura_de_pantalla_2025-10-16_a_la_s_10.01.41_p.m..png?v=1760673710\" alt=\"Gimnasio\" loading=\"lazy\">\n          <\/div>\n          <div class=\"demo-content\">\n            <div class=\"icon\">💪<\/div>\n            <div class=\"success-metric\">24\/7<\/div>\n            <h3 class=\"card-title\">Gimnasio Arnold Fitness<\/h3>\n            <p class=\"card-text\">\"Reducimos 70% las llamadas de recepción\"<\/p>\n          <\/div>\n        <\/div>\n        <div class=\"demo-card\" data-aos=\"fade-up\" data-aos-delay=\"300\">\n          <div class=\"demo-image\">\n            <img src=\"https:\/\/cdn.shopify.com\/s\/files\/1\/0945\/4511\/7548\/files\/Captura_de_pantalla_2025-10-16_a_la_s_9.40.54_p.m..png?v=1760672469\" alt=\"Cafetería\" loading=\"lazy\">\n          <\/div>\n          <div class=\"demo-content\">\n            <div class=\"icon\">☕<\/div>\n            <div class=\"success-metric\">+320%<\/div>\n            <h3 class=\"card-title\">Cafetería Colibrí<\/h3>\n            <p class=\"card-text\">\"Ventas nocturnas explotaron 24\/7\"<\/p>\n          <\/div>\n        <\/div>\n      <\/div>\n    <\/section>\n\n    <section class=\"section\" id=\"precios\">\n      <div class=\"section-header\" data-aos=\"fade-up\">\n        <h2 class=\"section-title\">Planes y Precios<\/h2>\n        <p class=\"section-subtitle\">Elige el plan perfecto para tu negocio<\/p>\n      <\/div>\n      <div class=\"pricing-grid\">\n        <div class=\"pricing-card card\" data-aos=\"fade-up\" data-aos-delay=\"100\">\n          <h3 class=\"pricing-plan\">Gratis<\/h3>\n          <div class=\"pricing-price\">$19<\/div>\n          <p class=\"pricing-period\">MXN<\/p>\n          <ul class=\"pricing-features\">\n            <li>7 días de prueba<\/li>\n            <li>100 conversaciones<\/li>\n            <li>Garantía 30 días<\/li>\n            <li>Soporte 24\/7<\/li>\n          <\/ul>\n          <a href=\"#demo\" class=\"btn btn-secondary\">Comenzar<\/a>\n        <\/div>\n        <div class=\"pricing-card card featured\" data-aos=\"fade-up\" data-aos-delay=\"200\">\n          <span class=\"pricing-badge\">Popular<\/span>\n          <h3 class=\"pricing-plan\">Básico<\/h3>\n          <div class=\"pricing-price\">$499<\/div>\n          <p class=\"pricing-period\">MXN\/mes<\/p>\n          <ul class=\"pricing-features\">\n            <li>1,000 conversaciones\/mes<\/li>\n            <li>Respuestas automáticas 24\/7<\/li>\n            <li>Panel de análisis<\/li>\n            <li>API básica<\/li>\n            <li>Soporte 24\/7<\/li>\n          <\/ul>\n          <a href=\"#demo\" class=\"btn btn-primary\">Comenzar<\/a>\n        <\/div>\n        <div class=\"pricing-card card\" data-aos=\"fade-up\" data-aos-delay=\"300\">\n          <h3 class=\"pricing-plan\">Profesional<\/h3>\n          <div class=\"pricing-price\">$1,499<\/div>\n          <p class=\"pricing-period\">MXN\/mes<\/p>\n          <ul class=\"pricing-features\">\n            <li>5,000 conversaciones\/mes<\/li>\n            <li>IA personalizada<\/li>\n            <li>Integraciones ilimitadas<\/li>\n            <li>Análisis avanzados<\/li>\n            <li>API completa<\/li>\n            <li>Soporte prioritario<\/li>\n          <\/ul>\n          <a href=\"#demo\" class=\"btn btn-secondary\">Comenzar<\/a>\n        <\/div>\n        <div class=\"pricing-card card\" data-aos=\"fade-up\" data-aos-delay=\"400\">\n          <span class=\"pricing-badge\" style=\"background:linear-gradient(135deg,#a78bfa,#7c3aed)\">Premium<\/span>\n          <h3 class=\"pricing-plan\">Enterprise<\/h3>\n          <div class=\"pricing-price\">$5,999<\/div>\n          <p class=\"pricing-period\">MXN\/mes<\/p>\n          <ul class=\"pricing-features\">\n            <li>Conversaciones ilimitadas<\/li>\n            <li>IA ultra personalizada<\/li>\n            <li>Multi-plataforma<\/li>\n            <li>Gerente dedicado<\/li>\n            <li>SLA 99.9%<\/li>\n            <li>Soporte VIP 24\/7<\/li>\n          <\/ul>\n          <a href=\"#demo\" class=\"btn btn-primary\">Contactar<\/a>\n        <\/div>\n      <\/div>\n    <\/section>\n\n    <section class=\"section\" id=\"faq\" style=\"background:rgba(0,0,0,.3)\">\n      <div class=\"section-header\" data-aos=\"fade-up\">\n        <h2 class=\"section-title\">Preguntas Frecuentes<\/h2>\n        <p class=\"section-subtitle\">Todo lo que necesitas saber<\/p>\n      <\/div>\n      <div class=\"faq-container\">\n        <div class=\"faq-item\" data-aos=\"fade-up\">\n          <div class=\"faq-question\" onclick=\"toggleFaq(this)\">\n            <span>¿Cómo se integra ALCI?<\/span>\n            <span class=\"faq-icon\">▼<\/span>\n          <\/div>\n          <div class=\"faq-answer\">ALCI se conecta con WhatsApp Business API, Instagram, Facebook y tu web en menos de 24 horas.<\/div>\n        <\/div>\n        <div class=\"faq-item\" data-aos=\"fade-up\">\n          <div class=\"faq-question\" onclick=\"toggleFaq(this)\">\n            <span>¿Necesito conocimientos técnicos?<\/span>\n            <span class=\"faq-icon\">▼<\/span>\n          <\/div>\n          <div class=\"faq-answer\">No. Nuestro equipo configura todo y te damos un panel intuitivo sin necesidad de programar.<\/div>\n        <\/div>\n        <div class=\"faq-item\" data-aos=\"fade-up\">\n          <div class=\"faq-question\" onclick=\"toggleFaq(this)\">\n            <span>¿Puedo personalizar las respuestas?<\/span>\n            <span class=\"faq-icon\">▼<\/span>\n          <\/div>\n          <div class=\"faq-answer\">Sí, completamente. ALCI aprende de tu marca y tono. Puedes ajustar todo desde el panel.<\/div>\n        <\/div>\n        <div class=\"faq-item\" data-aos=\"fade-up\">\n          <div class=\"faq-question\" onclick=\"toggleFaq(this)\">\n            <span>¿Hay período de prueba?<\/span>\n            <span class=\"faq-icon\">▼<\/span>\n          <\/div>\n          <div class=\"faq-answer\">Sí, 14 días gratis sin tarjeta de crédito para ver resultados reales.<\/div>\n        <\/div>\n      <\/div>\n    <\/section>\n\n    <footer class=\"footer\">\n      <div class=\"footer-content\">\n        <div class=\"footer-section\" data-aos=\"fade-up\">\n          <h3>ALCI<\/h3>\n          <p style=\"color:var(--gray);line-height:1.8;margin-bottom:20px\">Tu asistente de IA que automatiza conversaciones 24\/7.<\/p>\n          <div class=\"social-links\">\n            <a href=\"#\" class=\"social-icon\">📘<\/a>\n            <a href=\"#\" class=\"social-icon\">📷<\/a>\n            <a href=\"https:\/\/wa.me\/5212412158157\" class=\"social-icon\">💬<\/a>\n            <a href=\"#\" class=\"social-icon\">💼<\/a>\n          <\/div>\n        <\/div>\n        <div class=\"footer-section\" data-aos=\"fade-up\" data-aos-delay=\"100\">\n          <h3>Producto<\/h3>\n          <ul class=\"footer-links\">\n            <li><a href=\"#sobre\">Qué es ALCI<\/a><\/li>\n            <li><a href=\"#como\">Cómo funciona<\/a><\/li>\n            <li><a href=\"#precios\">Precios<\/a><\/li>\n            <li><a href=\"#faq\">FAQ<\/a><\/li>\n          <\/ul>\n        <\/div>\n        <div class=\"footer-section\" data-aos=\"fade-up\" data-aos-delay=\"200\">\n          <h3>Contacto<\/h3>\n          <ul class=\"footer-links\">\n            <li>📧 alci.agency@gmail.com<\/li>\n            <li>📱 +52 241 215 81 57<\/li>\n            <li>📍 Tlaxcala, México<\/li>\n            <li><a href=\"#demo\">💬 Chat en vivo<\/a><\/li>\n          <\/ul>\n        <\/div>\n      <\/div>\n      <div class=\"footer-bottom\">\n        <p>&copy; 2025 ALCI. Todos los derechos reservados.<\/p>\n      <\/div>\n    <\/footer>\n  <\/div>\n\n  <script src=\"https:\/\/cdnjs.cloudflare.com\/ajax\/libs\/aos\/2.3.4\/aos.js\"><\/script>\n  <script>\nAOS.init({duration:800,once:true,offset:100});function initTheme(){const h=new Date().getHours(),s=localStorage.getItem('theme'),t=s||(h>=6&&h<20?'light':'dark');document.documentElement.setAttribute('data-theme',t);document.getElementById('themeIcon').textContent=t==='light'?'🌙':'☀️'}function toggleTheme(){const c=document.documentElement.getAttribute('data-theme'),n=c==='light'?'dark':'light';document.documentElement.setAttribute('data-theme',n);localStorage.setItem('theme',n);document.getElementById('themeIcon').textContent=n==='light'?'🌙':'☀️'}window.addEventListener('scroll',()=>{const w=document.body.scrollTop||document.documentElement.scrollTop,h=document.documentElement.scrollHeight-document.documentElement.clientHeight;document.querySelector('.scroll-progress').style.width=(w\/h*100)+'%'});const responses={hola:'¡Hola! 👋 Me encantaría mostrarte cómo ALCI automatiza tu negocio. ¿Qué quieres saber?',precio:'💰 Planes desde $499\/mes. Básico ($499), Profesional ($1,499 - popular) y Enterprise ($5,999). ¿Quieres una demo?',costo:'💰 Desde $499\/mes. El Profesional a $1,499\/mes es el favorito. ¿Probarlo gratis 14 días?',funciona:'🚀 3 pasos: 1) Conectamos 2) Entrenamos 3) ¡Listo! En 24-48 horas.',whatsapp:'📱 ¡Sí! ALCI se integra con WhatsApp Business API 24\/7. ¿Tu negocio usa WhatsApp?',instagram:'📷 ¡Claro! Automatiza Instagram DMs y cierra ventas. ¿Recibes muchos mensajes?',demo:'✨ ¡Perfecto! 14 días gratis sin tarjeta. ¿Empezamos?',prueba:'🎁 14 días GRATIS. Prueba con clientes reales. ¿Te interesa?',ayuda:'🤝 Puedo ayudarte con: 💰 Precios, 🚀 Funcionamiento, 📱 Integraciones, o ✨ Demo. ¿Qué prefieres?',default:'🤖 Buena pregunta. ¿Qué tipo de negocio tienes? Puedo: 💰 Mostrar precios, 📞 Conectarte con especialista, o ✨ Agendar demo.'};function sendMessage(){const input=document.getElementById('input'),msg=input.value.trim();if(!msg)return;addMessage(msg,'user');input.value='';const typing=document.getElementById('typing');typing.classList.add('active');setTimeout(()=>{typing.classList.remove('active');const res=getResponse(msg.toLowerCase());addMessage(res,'bot')},1e3+Math.random()*1e3)}function addMessage(txt,type){const c=document.getElementById('msgs'),d=document.createElement('div');d.className='chat-msg '+type;d.textContent=txt;c.appendChild(d);c.scrollTop=c.scrollHeight}function getResponse(msg){for(const[k,v]of Object.entries(responses)){if(msg.includes(k))return v}return responses.default}function toggleFaq(el){const item=el.parentElement,active=item.classList.contains('active');document.querySelectorAll('.faq-item').forEach(i=>i.classList.remove('active'));if(!active)item.classList.add('active')}document.querySelectorAll('a[href^=\"#\"]').forEach(a=>{a.addEventListener('click',e=>{const href=a.getAttribute('href');if(href!=='#'){e.preventDefault();const t=document.querySelector(href);if(t)t.scrollIntoView({behavior:'smooth'})}})});initTheme();\n  <\/script>\n<\/body>\n<\/html>","color_scheme":"","padding_top":40,"padding_bottom":52}}},"order":["custom_liquid_iin6zG"]}