{"sections":{"main":{"type":"main-page","disabled":true,"settings":{"padding_top":36,"padding_bottom":36}},"custom_liquid_G7pGtn":{"type":"custom-liquid","name":"t:sections.custom-liquid.presets.name","settings":{"custom_liquid":"<!DOCTYPE html>\n<html lang=\"es\">\n<head>\n  <meta charset=\"UTF-8\">\n  <meta name=\"viewport\" content=\"width=device-width, initial-scale=1.0\">\n  <title>Contacto - ALCI<\/title>\n  <link rel=\"preconnect\" href=\"https:\/\/fonts.googleapis.com\">\n  <link rel=\"preconnect\" href=\"https:\/\/fonts.gstatic.com\" crossorigin>\n  <link href=\"https:\/\/fonts.googleapis.com\/css2?family=Inter:wght@400;600;700;800;900&display=swap\" rel=\"stylesheet\">\n  <link href=\"https:\/\/cdnjs.cloudflare.com\/ajax\/libs\/aos\/2.3.4\/aos.css\" rel=\"stylesheet\">\n\n  <style>\n*{margin:0;padding:0;box-sizing:border-box}:root{--bg:#080D1F;--cyan:#00C2FF;--light:#7AF3FF;--white:#FFF;--gray:#94A3B8;--glass:rgba(255,255,255,.05);--border:rgba(0,194,255,.2);--success:#00ff88;--error:#ff4444}[data-theme=light]{--bg:#FFF;--cyan:#0284C7;--light:#38BDF8;--white:#0F172A;--gray:#64748B;--glass:rgba(255,255,255,.7);--border:rgba(2,132,199,.3)}html{scroll-behavior:smooth;-webkit-font-smoothing:antialiased}body{font-family:Inter,-apple-system,sans-serif;background:linear-gradient(180deg,#080D1F 0%,#0a1128 50%,#1a2847 100%);color:var(--white);line-height:1.6;overflow-x:hidden;min-height:100vh;position:relative}.stars{position:fixed;top:0;left:0;width:100%;height:100%;z-index:0;pointer-events:none;background:radial-gradient(2px 2px at 20% 30%,white,transparent),radial-gradient(2px 2px at 60% 70%,white,transparent),radial-gradient(1px 1px at 50% 50%,white,transparent),radial-gradient(1px 1px at 80% 10%,white,transparent),radial-gradient(2px 2px at 90% 60%,white,transparent);background-size:200% 200%;animation:starsAnim 60s linear infinite;opacity:.6}@keyframes starsAnim{100%{background-position:100% 100%}}.particles{position:fixed;top:0;left:0;width:100%;height:100%;z-index:1;pointer-events:none}.particle{position:absolute;width:4px;height:4px;background:var(--cyan);border-radius:50%;opacity:.4;animation:float 20s infinite ease-in-out}@keyframes float{0%,100%{transform:translate(0,0);opacity:.3}50%{transform:translate(100px,-100px);opacity:.7}}.main{position:relative;z-index:10;min-height:100vh;display:flex;align-items:center;justify-content:center;padding:40px 5%}.contact-container{max-width:1200px;width:100%;margin:0 auto}.contact-header{text-align:center;margin-bottom:60px}.back-link{display:inline-flex;align-items:center;gap:10px;color:var(--cyan);text-decoration:none;font-weight:600;margin-bottom:30px;transition:all .3s}.back-link:hover{transform:translateX(-5px);color:var(--light)}.contact-title{font-size:clamp(2.5rem,6vw,4.5rem);font-weight:900;margin-bottom:20px;background:linear-gradient(135deg,var(--white),var(--light),var(--cyan));-webkit-background-clip:text;-webkit-text-fill-color:transparent}.contact-subtitle{font-size:clamp(1.1rem,2vw,1.4rem);color:var(--gray);max-width:700px;margin:0 auto;line-height:1.8}.contact-grid{display:grid;grid-template-columns:1fr 1fr;gap:40px;margin-top:60px}.contact-info{display:flex;flex-direction:column;gap:30px}.info-card{background:var(--glass);border:1px solid var(--border);border-radius:24px;padding:30px;backdrop-filter:blur(20px);transition:all .4s}.info-card:hover{transform:translateY(-5px);border-color:var(--cyan);box-shadow:0 20px 60px rgba(0,194,255,.3)}.info-icon{width:60px;height:60px;background:linear-gradient(135deg,var(--cyan),var(--light));border-radius:50%;display:flex;align-items:center;justify-content:center;font-size:1.8rem;margin-bottom:20px;box-shadow:0 10px 30px rgba(0,194,255,.4)}.info-title{font-size:1.3rem;font-weight:700;margin-bottom:10px}.info-text{color:var(--gray);line-height:1.7}.info-link{color:var(--cyan);text-decoration:none;transition:all .3s;display:inline-block;margin-top:10px}.info-link:hover{color:var(--light);transform:translateX(5px)}.form-container{background:var(--glass);border:2px solid var(--border);border-radius:24px;padding:40px;backdrop-filter:blur(20px);box-shadow:0 30px 80px rgba(0,194,255,.2)}.form-group{margin-bottom:25px}.form-label{display:block;font-weight:600;margin-bottom:10px;color:var(--white);font-size:1rem}.form-input,.form-textarea,.form-select{width:100%;background:rgba(255,255,255,.08);border:1px solid var(--border);border-radius:12px;padding:14px 20px;color:var(--white);font-family:Inter,sans-serif;font-size:1rem;transition:all .3s}.form-input:focus,.form-textarea:focus,.form-select:focus{outline:0;border-color:var(--cyan);background:rgba(255,255,255,.12);box-shadow:0 0 20px rgba(0,194,255,.2)}.form-input::placeholder,.form-textarea::placeholder{color:var(--gray)}.form-textarea{min-height:120px;resize:vertical}.form-select{cursor:pointer;appearance:none;background-image:url(\"data:image\/svg+xml,%3Csvg xmlns='http:\/\/www.w3.org\/2000\/svg' width='12' height='12' viewBox='0 0 12 12'%3E%3Cpath fill='%2300C2FF' d='M6 9L1 4h10z'\/%3E%3C\/svg%3E\");background-repeat:no-repeat;background-position:right 20px center}.form-select option{background:var(--bg);color:var(--white)}.form-row{display:grid;grid-template-columns:1fr 1fr;gap:20px}.form-checkbox{display:flex;align-items:flex-start;gap:10px;margin-top:10px}.form-checkbox input{width:20px;height:20px;accent-color:var(--cyan);cursor:pointer}.form-checkbox label{color:var(--gray);font-size:.95rem;line-height:1.6;cursor:pointer}.submit-btn{width:100%;padding:18px;background:linear-gradient(135deg,var(--cyan),var(--light));color:var(--bg);border:none;border-radius:50px;font-size:1.1rem;font-weight:700;cursor:pointer;transition:all .3s;box-shadow:0 10px 40px rgba(0,194,255,.4);margin-top:10px}.submit-btn:hover{transform:translateY(-3px);box-shadow:0 15px 60px rgba(0,194,255,.6)}.submit-btn:active{transform:translateY(-1px)}.submit-btn:disabled{opacity:.6;cursor:not-allowed}.success-msg{background:rgba(0,255,136,.1);border:1px solid var(--success);color:var(--success);padding:15px 20px;border-radius:12px;margin-top:20px;display:none;animation:slideIn .4s ease}.success-msg.show{display:block}@keyframes slideIn{from{opacity:0;transform:translateY(-10px)}to{opacity:1;transform:translateY(0)}}.error-msg{color:var(--error);font-size:.9rem;margin-top:5px;display:none}.error-msg.show{display:block}.social-connect{margin-top:40px;padding-top:30px;border-top:1px solid var(--border)}.social-title{font-size:1.2rem;font-weight:700;margin-bottom:20px;text-align:center}.social-grid{display:grid;grid-template-columns:repeat(4,1fr);gap:15px}.social-btn{background:var(--glass);border:1px solid var(--border);border-radius:16px;padding:20px;display:flex;flex-direction:column;align-items:center;gap:10px;text-decoration:none;color:var(--white);transition:all .3s;backdrop-filter:blur(10px)}.social-btn:hover{transform:translateY(-5px);border-color:var(--cyan);box-shadow:0 10px 30px rgba(0,194,255,.3)}.social-btn-icon{font-size:2rem}.social-btn-text{font-size:.9rem;font-weight:600}.map-container{margin-top:60px;background:var(--glass);border:2px solid var(--border);border-radius:24px;overflow:hidden;height:400px;backdrop-filter:blur(20px)}.map-container iframe{width:100%;height:100%;border:0;filter:grayscale(1) invert(1) contrast(0.9)}@media(max-width:968px){.contact-grid{grid-template-columns:1fr;gap:30px}.form-row{grid-template-columns:1fr}.social-grid{grid-template-columns:repeat(2,1fr)}}@media(max-width:480px){.contact-container{padding:20px 15px}.form-container{padding:25px 20px}.social-grid{grid-template-columns:1fr}}\n  <\/style>\n<\/head>\n<body>\n  <div class=\"stars\"><\/div>\n  <div class=\"particles\">\n    <div class=\"particle\" style=\"top:10%;left:20%\"><\/div>\n    <div class=\"particle\" style=\"top:30%;left:70%;animation-delay:2s\"><\/div>\n    <div class=\"particle\" style=\"top:60%;left:40%;animation-delay:4s\"><\/div>\n    <div class=\"particle\" style=\"top:80%;left:80%;animation-delay:6s\"><\/div>\n    <div class=\"particle\" style=\"top:20%;left:90%;animation-delay:1s\"><\/div>\n    <div class=\"particle\" style=\"top:70%;left:10%;animation-delay:3s\"><\/div>\n  <\/div>\n\n  <div class=\"main\">\n    <div class=\"contact-container\">\n      <div class=\"contact-header\" data-aos=\"fade-up\">\n        <a href=\"\/\" class=\"back-link\">← Volver al inicio<\/a>\n        <h1 class=\"contact-title\">Hablemos de tu Proyecto<\/h1>\n        <p class=\"contact-subtitle\">¿Listo para automatizar tu negocio? Completa el formulario y nos pondremos en contacto contigo en menos de 24 horas.<\/p>\n      <\/div>\n\n      <div class=\"contact-grid\">\n        <div class=\"contact-info\">\n          <div class=\"info-card\" data-aos=\"fade-right\" data-aos-delay=\"100\">\n            <div class=\"info-icon\">📧<\/div>\n            <h3 class=\"info-title\">Email<\/h3>\n            <p class=\"info-text\">Escríbenos directamente<\/p>\n            <a href=\"mailto:alci.agency@gmail.com\" class=\"info-link\">alci.agency@gmail.com →<\/a>\n          <\/div>\n\n          <div class=\"info-card\" data-aos=\"fade-right\" data-aos-delay=\"200\">\n            <div class=\"info-icon\">📱<\/div>\n            <h3 class=\"info-title\">WhatsApp<\/h3>\n            <p class=\"info-text\">Chatea con nosotros en tiempo real<\/p>\n            <a href=\"https:\/\/wa.me\/5212412158157\" class=\"info-link\" target=\"_blank\">+52 241 215 81 57 →<\/a>\n          <\/div>\n\n          <div class=\"info-card\" data-aos=\"fade-right\" data-aos-delay=\"300\">\n            <div class=\"info-icon\">📍<\/div>\n            <h3 class=\"info-title\">Ubicación<\/h3>\n            <p class=\"info-text\">Tlaxcala, México<\/p>\n            <p class=\"info-text\" style=\"margin-top:10px;font-size:.95rem\">Atención remota en toda América Latina<\/p>\n          <\/div>\n\n          <div class=\"info-card\" data-aos=\"fade-right\" data-aos-delay=\"400\">\n            <div class=\"info-icon\">🕐<\/div>\n            <h3 class=\"info-title\">Horario<\/h3>\n            <p class=\"info-text\">Lunes a Viernes: 9:00 - 19:00<\/p>\n            <p class=\"info-text\">Sábados: 10:00 - 14:00<\/p>\n            <p class=\"info-text\" style=\"margin-top:10px;color:var(--cyan);font-weight:600\">Soporte 24\/7 vía chat<\/p>\n          <\/div>\n        <\/div>\n\n        <div class=\"form-container\" data-aos=\"fade-left\">\n          <form id=\"contactForm\" onsubmit=\"handleSubmit(event)\">\n            <div class=\"form-row\">\n              <div class=\"form-group\">\n                <label class=\"form-label\" for=\"nombre\">Nombre *<\/label>\n                <input type=\"text\" id=\"nombre\" name=\"nombre\" class=\"form-input\" placeholder=\"Tu nombre\" required>\n                <span class=\"error-msg\" id=\"errorNombre\">Este campo es requerido<\/span>\n              <\/div>\n\n              <div class=\"form-group\">\n                <label class=\"form-label\" for=\"empresa\">Empresa<\/label>\n                <input type=\"text\" id=\"empresa\" name=\"empresa\" class=\"form-input\" placeholder=\"Nombre de tu empresa\">\n              <\/div>\n            <\/div>\n\n            <div class=\"form-row\">\n              <div class=\"form-group\">\n                <label class=\"form-label\" for=\"email\">Email *<\/label>\n                <input type=\"email\" id=\"email\" name=\"email\" class=\"form-input\" placeholder=\"tu@email.com\" required>\n                <span class=\"error-msg\" id=\"errorEmail\">Ingresa un email válido<\/span>\n              <\/div>\n\n              <div class=\"form-group\">\n                <label class=\"form-label\" for=\"telefono\">Teléfono *<\/label>\n                <input type=\"tel\" id=\"telefono\" name=\"telefono\" class=\"form-input\" placeholder=\"+52 000 000 0000\" required>\n                <span class=\"error-msg\" id=\"errorTelefono\">Ingresa un teléfono válido<\/span>\n              <\/div>\n            <\/div>\n\n            <div class=\"form-group\">\n              <label class=\"form-label\" for=\"plan\">¿Qué plan te interesa? *<\/label>\n              <select id=\"plan\" name=\"plan\" class=\"form-select\" required>\n                <option value=\"\">Selecciona un plan<\/option>\n                <option value=\"gratuito\">Plan Gratuito ($19 MXN)<\/option>\n                <option value=\"basico\">Plan Básico ($499 MXN\/mes)<\/option>\n                <option value=\"profesional\">Plan Profesional ($1,499 MXN\/mes)<\/option>\n                <option value=\"enterprise\">Plan Enterprise ($5,999 MXN\/mes)<\/option>\n                <option value=\"consulta\">Solo quiero consultar<\/option>\n              <\/select>\n            <\/div>\n\n            <div class=\"form-group\">\n              <label class=\"form-label\" for=\"mensaje\">Cuéntanos sobre tu proyecto *<\/label>\n              <textarea id=\"mensaje\" name=\"mensaje\" class=\"form-textarea\" placeholder=\"Describe tu negocio y cómo ALCI puede ayudarte...\" required><\/textarea>\n              <span class=\"error-msg\" id=\"errorMensaje\">Por favor describe tu proyecto<\/span>\n            <\/div>\n\n            <div class=\"form-checkbox\">\n              <input type=\"checkbox\" id=\"acepto\" name=\"acepto\" required>\n              <label for=\"acepto\">Acepto la política de privacidad y términos de servicio de ALCI *<\/label>\n            <\/div>\n\n            <button type=\"submit\" class=\"submit-btn\">\n              <span id=\"btnText\">Enviar Mensaje 🚀<\/span>\n            <\/button>\n\n            <div class=\"success-msg\" id=\"successMsg\">\n              ✓ ¡Mensaje enviado! Nos pondremos en contacto contigo pronto.\n            <\/div>\n          <\/form>\n\n          <div class=\"social-connect\">\n            <h3 class=\"social-title\">O contáctanos por:<\/h3>\n            <div class=\"social-grid\">\n              <a href=\"https:\/\/wa.me\/5212412158157\" class=\"social-btn\" target=\"_blank\">\n                <span class=\"social-btn-icon\">💬<\/span>\n                <span class=\"social-btn-text\">WhatsApp<\/span>\n              <\/a>\n              <a href=\"mailto:alci.agency@gmail.com\" class=\"social-btn\">\n                <span class=\"social-btn-icon\">📧<\/span>\n                <span class=\"social-btn-text\">Email<\/span>\n              <\/a>\n              <a href=\"#\" class=\"social-btn\" target=\"_blank\">\n                <span class=\"social-btn-icon\">📷<\/span>\n                <span class=\"social-btn-text\">Instagram<\/span>\n              <\/a>\n              <a href=\"#\" class=\"social-btn\" target=\"_blank\">\n                <span class=\"social-btn-icon\">💼<\/span>\n                <span class=\"social-btn-text\">LinkedIn<\/span>\n              <\/a>\n            <\/div>\n          <\/div>\n        <\/div>\n      <\/div>\n\n      <div class=\"map-container\" data-aos=\"fade-up\" data-aos-delay=\"200\">\n        <iframe src=\"https:\/\/www.google.com\/maps\/embed?pb=!1m18!1m12!1m3!1d120518.14348344!2d-98.2376!3d19.3181!2m3!1f0!2f0!3f0!3m2!1i1024!2i768!4f13.1!3m3!1m2!1s0x85cfd9f8f5c5f5f5%3A0x1234567890abcdef!2sTlaxcala%2C%20Tlax.!5e0!3m2!1ses!2smx!4v1234567890\" allowfullscreen loading=\"lazy\"><\/iframe>\n      <\/div>\n    <\/div>\n  <\/div>\n\n  <script src=\"https:\/\/cdnjs.cloudflare.com\/ajax\/libs\/aos\/2.3.4\/aos.js\"><\/script>\n  <script>\nAOS.init({duration:800,once:true,offset:100});function handleSubmit(e){e.preventDefault();const btn=document.querySelector('.submit-btn'),btnText=document.getElementById('btnText'),form=document.getElementById('contactForm'),successMsg=document.getElementById('successMsg');if(!form.checkValidity()){form.reportValidity();return}btn.disabled=true;btnText.textContent='Enviando...';setTimeout(()=>{successMsg.classList.add('show');btn.disabled=false;btnText.textContent='Enviar Mensaje 🚀';form.reset();setTimeout(()=>successMsg.classList.remove('show'),5000)},2000)}\n  <\/script>\n<\/body>\n<\/html>","color_scheme":"","padding_top":52,"padding_bottom":52}}},"order":["main","custom_liquid_G7pGtn"]}