{"sections":{"main":{"type":"main-page","disabled":true,"settings":{"padding_top":36,"padding_bottom":36}},"custom_liquid_GDdJex":{"type":"custom-liquid","name":"t:sections.custom-liquid.presets.name","settings":{"custom_liquid":"<style>\n\/* ============================================\n   SERVICIOS DE IA PREMIUM - SHOPIFY OPTIMIZADO\n   Diseño ultra moderno con efectos avanzados\n============================================ *\/\n\n.services-ai-wrapper {\n  margin: 0;\n  padding: 0;\n  box-sizing: border-box;\n  font-family: -apple-system, BlinkMacSystemFont, 'Segoe UI', 'Roboto', 'Inter', sans-serif;\n  background: #0a0e1a;\n  min-height: 100vh;\n  padding: 80px 20px;\n  position: relative;\n  overflow-x: hidden;\n}\n\n.services-ai-wrapper *,\n.services-ai-wrapper *::before,\n.services-ai-wrapper *::after {\n  box-sizing: border-box;\n}\n\n\/* Fondo animado tecnológico *\/\n.services-ai-wrapper::before {\n  content: '';\n  position: fixed;\n  top: -50%;\n  left: -50%;\n  width: 200%;\n  height: 200%;\n  background: \n    radial-gradient(circle at 20% 30%, rgba(0, 149, 255, 0.08) 0%, transparent 50%),\n    radial-gradient(circle at 80% 70%, rgba(0, 238, 255, 0.06) 0%, transparent 50%),\n    radial-gradient(circle at 50% 50%, rgba(138, 43, 226, 0.05) 0%, transparent 50%);\n  animation: gradientShift 15s ease infinite;\n  pointer-events: none;\n  z-index: 0;\n}\n\n@keyframes gradientShift {\n  0%, 100% { transform: translate(0, 0) rotate(0deg); }\n  33% { transform: translate(5%, -5%) rotate(120deg); }\n  66% { transform: translate(-5%, 5%) rotate(240deg); }\n}\n\n\/* Grid tecnológico *\/\n.services-ai-wrapper::after {\n  content: '';\n  position: fixed;\n  top: 0;\n  left: 0;\n  right: 0;\n  bottom: 0;\n  background-image: \n    linear-gradient(rgba(0, 149, 255, 0.03) 1px, transparent 1px),\n    linear-gradient(90deg, rgba(0, 149, 255, 0.03) 1px, transparent 1px);\n  background-size: 50px 50px;\n  pointer-events: none;\n  z-index: 0;\n}\n\n.services-container-ai {\n  max-width: 1400px;\n  margin: 0 auto;\n  position: relative;\n  z-index: 1;\n}\n\n\/* Hero Header *\/\n.services-hero-ai {\n  text-align: center;\n  margin-bottom: 80px;\n  animation: fadeInDown 1s ease-out;\n}\n\n@keyframes fadeInDown {\n  from {\n    opacity: 0;\n    transform: translateY(-40px);\n  }\n  to {\n    opacity: 1;\n    transform: translateY(0);\n  }\n}\n\n.services-hero-ai h1 {\n  font-size: clamp(2.8rem, 7vw, 5.5rem);\n  font-weight: 900;\n  background: linear-gradient(135deg, #00eeff 0%, #0095ff 50%, #7c3aed 100%);\n  -webkit-background-clip: text;\n  -webkit-text-fill-color: transparent;\n  background-clip: text;\n  margin-bottom: 24px;\n  letter-spacing: -0.03em;\n  line-height: 1.1;\n  position: relative;\n  display: inline-block;\n}\n\n.services-hero-ai h1::after {\n  content: '';\n  position: absolute;\n  bottom: -12px;\n  left: 50%;\n  transform: translateX(-50%);\n  width: 60%;\n  height: 5px;\n  background: linear-gradient(90deg, transparent, #0095ff, transparent);\n  border-radius: 3px;\n  box-shadow: 0 0 20px rgba(0, 149, 255, 0.5);\n}\n\n.services-hero-ai p {\n  font-size: clamp(1.15rem, 2.5vw, 1.5rem);\n  color: #94a3b8;\n  line-height: 1.8;\n  max-width: 850px;\n  margin: 0 auto 40px;\n  font-weight: 400;\n}\n\n.hero-stats-ai {\n  display: flex;\n  justify-content: center;\n  gap: 40px;\n  flex-wrap: wrap;\n  margin-top: 40px;\n}\n\n.stat-item-ai {\n  text-align: center;\n  padding: 20px 30px;\n  background: linear-gradient(135deg, rgba(0, 149, 255, 0.1) 0%, rgba(30, 41, 59, 0.3) 100%);\n  border-radius: 16px;\n  border: 1px solid rgba(0, 149, 255, 0.2);\n  backdrop-filter: blur(10px);\n  transition: all 0.3s ease;\n}\n\n.stat-item-ai:hover {\n  transform: translateY(-5px);\n  border-color: rgba(0, 238, 255, 0.4);\n  box-shadow: 0 10px 30px rgba(0, 149, 255, 0.3);\n}\n\n.stat-number-ai {\n  font-size: 2.5rem;\n  font-weight: 900;\n  background: linear-gradient(135deg, #00eeff 0%, #0095ff 100%);\n  -webkit-background-clip: text;\n  -webkit-text-fill-color: transparent;\n  background-clip: text;\n  display: block;\n  margin-bottom: 5px;\n}\n\n.stat-label-ai {\n  font-size: 0.95rem;\n  color: #94a3b8;\n  text-transform: uppercase;\n  letter-spacing: 0.1em;\n  font-weight: 600;\n}\n\n\/* Sección de categorías *\/\n.services-categories-ai {\n  margin-bottom: 80px;\n}\n\n.category-header-ai {\n  text-align: center;\n  margin-bottom: 50px;\n}\n\n.category-header-ai h2 {\n  font-size: clamp(2.2rem, 5vw, 3.5rem);\n  font-weight: 800;\n  background: linear-gradient(135deg, #ffffff 0%, #60a5fa 100%);\n  -webkit-background-clip: text;\n  -webkit-text-fill-color: transparent;\n  background-clip: text;\n  margin-bottom: 15px;\n  letter-spacing: -0.02em;\n}\n\n.category-header-ai p {\n  font-size: 1.15rem;\n  color: #94a3b8;\n  max-width: 700px;\n  margin: 0 auto;\n  line-height: 1.7;\n}\n\n\/* Grid de servicios principales *\/\n.services-grid-ai {\n  display: grid;\n  grid-template-columns: repeat(auto-fit, minmax(300px, 1fr));\n  gap: 30px;\n  margin-bottom: 60px;\n  perspective: 1000px;\n}\n\n\/* Tarjetas de servicio premium *\/\n.service-card-ai {\n  background: linear-gradient(135deg, rgba(15, 23, 42, 0.8) 0%, rgba(30, 41, 59, 0.6) 100%);\n  backdrop-filter: blur(20px);\n  border-radius: 28px;\n  padding: 45px 35px;\n  border: 1px solid rgba(0, 149, 255, 0.15);\n  box-shadow: \n    0 20px 50px rgba(0, 0, 0, 0.4),\n    inset 0 1px 0 rgba(255, 255, 255, 0.05);\n  transition: all 0.5s cubic-bezier(0.4, 0, 0.2, 1);\n  position: relative;\n  overflow: hidden;\n  animation: fadeInUp 0.8s ease-out backwards;\n  transform-style: preserve-3d;\n}\n\n@keyframes fadeInUp {\n  from {\n    opacity: 0;\n    transform: translateY(40px);\n  }\n  to {\n    opacity: 1;\n    transform: translateY(0);\n  }\n}\n\n.service-card-ai:nth-child(1) { animation-delay: 0.1s; }\n.service-card-ai:nth-child(2) { animation-delay: 0.2s; }\n.service-card-ai:nth-child(3) { animation-delay: 0.3s; }\n.service-card-ai:nth-child(4) { animation-delay: 0.4s; }\n\n\/* Borde brillante animado *\/\n.service-card-ai::before {\n  content: '';\n  position: absolute;\n  top: -2px;\n  left: -2px;\n  right: -2px;\n  bottom: -2px;\n  background: linear-gradient(45deg, \n    transparent 0%, \n    rgba(0, 149, 255, 0.4) 25%, \n    rgba(0, 238, 255, 0.4) 50%, \n    rgba(124, 58, 237, 0.4) 75%, \n    transparent 100%);\n  border-radius: 28px;\n  opacity: 0;\n  transition: opacity 0.5s;\n  z-index: -1;\n  filter: blur(8px);\n}\n\n.service-card-ai:hover::before {\n  opacity: 1;\n  animation: borderRotate 3s linear infinite;\n}\n\n@keyframes borderRotate {\n  0% { transform: rotate(0deg); }\n  100% { transform: rotate(360deg); }\n}\n\n\/* Luz interna en hover *\/\n.service-card-ai::after {\n  content: '';\n  position: absolute;\n  top: 0;\n  left: -100%;\n  width: 100%;\n  height: 100%;\n  background: linear-gradient(90deg, \n    transparent, \n    rgba(0, 238, 255, 0.1), \n    transparent);\n  transition: left 0.6s;\n  pointer-events: none;\n}\n\n.service-card-ai:hover::after {\n  left: 100%;\n}\n\n.service-card-ai:hover {\n  transform: translateY(-12px) scale(1.02);\n  border-color: rgba(0, 238, 255, 0.4);\n  box-shadow: \n    0 30px 70px rgba(0, 149, 255, 0.3),\n    0 0 80px rgba(0, 238, 255, 0.2),\n    inset 0 1px 0 rgba(255, 255, 255, 0.1);\n}\n\n\/* Badge de servicio *\/\n.service-badge-ai {\n  position: absolute;\n  top: 20px;\n  right: 20px;\n  background: linear-gradient(135deg, #00eeff 0%, #0095ff 100%);\n  color: #0a0e1a;\n  font-size: 0.65rem;\n  font-weight: 800;\n  text-transform: uppercase;\n  letter-spacing: 0.12em;\n  padding: 7px 16px;\n  border-radius: 30px;\n  box-shadow: \n    0 4px 20px rgba(0, 238, 255, 0.5),\n    0 0 30px rgba(0, 238, 255, 0.3);\n}\n\n\/* Icono del servicio *\/\n.service-icon-ai {\n  width: 80px;\n  height: 80px;\n  background: linear-gradient(135deg, rgba(0, 149, 255, 0.15) 0%, rgba(0, 238, 255, 0.05) 100%);\n  border-radius: 20px;\n  display: flex;\n  align-items: center;\n  justify-content: center;\n  font-size: 2.5rem;\n  margin-bottom: 25px;\n  border: 1px solid rgba(0, 149, 255, 0.2);\n  box-shadow: \n    0 8px 25px rgba(0, 149, 255, 0.2),\n    inset 0 1px 0 rgba(255, 255, 255, 0.1);\n  transition: all 0.4s ease;\n}\n\n.service-card-ai:hover .service-icon-ai {\n  transform: scale(1.1) rotateY(10deg);\n  box-shadow: \n    0 12px 35px rgba(0, 238, 255, 0.4),\n    inset 0 1px 0 rgba(255, 255, 255, 0.2);\n  background: linear-gradient(135deg, rgba(0, 149, 255, 0.25) 0%, rgba(0, 238, 255, 0.15) 100%);\n}\n\n\/* Título del servicio *\/\n.service-title-ai {\n  font-size: 1.8rem;\n  font-weight: 800;\n  color: #ffffff;\n  margin-bottom: 18px;\n  letter-spacing: -0.02em;\n  line-height: 1.3;\n}\n\n\/* Descripción *\/\n.service-description-ai {\n  font-size: 1.05rem;\n  color: #94a3b8;\n  line-height: 1.8;\n  margin-bottom: 25px;\n  font-weight: 400;\n}\n\n\/* Lista de características *\/\n.service-features-ai {\n  list-style: none;\n  padding: 0;\n  margin: 0 0 30px 0;\n}\n\n.service-features-ai li {\n  font-size: 0.98rem;\n  color: #cbd5e1;\n  padding: 10px 0;\n  display: flex;\n  align-items: center;\n  line-height: 1.6;\n  font-weight: 400;\n  transition: all 0.3s ease;\n}\n\n.service-features-ai li:hover {\n  color: #ffffff;\n  padding-left: 8px;\n}\n\n.service-features-ai li::before {\n  content: '✓';\n  color: #00eeff;\n  font-weight: 800;\n  font-size: 1.2rem;\n  margin-right: 12px;\n  flex-shrink: 0;\n  text-shadow: 0 0 15px rgba(0, 238, 255, 0.6);\n}\n\n\/* Precio del servicio *\/\n.service-price-ai {\n  display: flex;\n  align-items: baseline;\n  gap: 6px;\n  margin-bottom: 25px;\n  padding: 18px;\n  background: rgba(0, 149, 255, 0.05);\n  border-radius: 14px;\n  border: 1px solid rgba(0, 149, 255, 0.15);\n}\n\n.service-price-ai .currency {\n  font-size: 1.3rem;\n  font-weight: 800;\n  color: #00eeff;\n  text-shadow: 0 0 15px rgba(0, 238, 255, 0.5);\n}\n\n.service-price-ai .amount {\n  font-size: 2.5rem;\n  font-weight: 900;\n  color: #ffffff;\n  line-height: 1;\n  letter-spacing: -0.03em;\n}\n\n.service-price-ai .period {\n  font-size: 1rem;\n  color: #64748b;\n  font-weight: 600;\n}\n\n\/* Botón CTA del servicio *\/\n.service-cta-ai {\n  display: block;\n  width: 100%;\n  background: linear-gradient(135deg, #0095ff 0%, #00eeff 100%);\n  color: #0a0e1a;\n  font-size: 1.05rem;\n  font-weight: 700;\n  text-align: center;\n  padding: 16px 32px;\n  border-radius: 12px;\n  text-decoration: none;\n  transition: all 0.4s ease;\n  box-shadow: \n    0 8px 30px rgba(0, 149, 255, 0.4),\n    0 0 40px rgba(0, 238, 255, 0.2),\n    inset 0 1px 0 rgba(255, 255, 255, 0.3);\n  border: none;\n  cursor: pointer;\n  position: relative;\n  overflow: hidden;\n  text-transform: uppercase;\n  letter-spacing: 0.05em;\n}\n\n.service-cta-ai::before {\n  content: '';\n  position: absolute;\n  top: 50%;\n  left: 50%;\n  width: 0;\n  height: 0;\n  border-radius: 50%;\n  background: rgba(255, 255, 255, 0.3);\n  transform: translate(-50%, -50%);\n  transition: width 0.6s, height 0.6s;\n}\n\n.service-cta-ai:hover::before {\n  width: 400px;\n  height: 400px;\n}\n\n.service-cta-ai:hover {\n  background: linear-gradient(135deg, #00eeff 0%, #0095ff 100%);\n  box-shadow: \n    0 12px 40px rgba(0, 238, 255, 0.6),\n    0 0 60px rgba(0, 238, 255, 0.4);\n  transform: translateY(-3px);\n}\n\n\/* Servicios adicionales compactos *\/\n.services-compact-ai {\n  margin-bottom: 80px;\n}\n\n.services-compact-grid-ai {\n  display: grid;\n  grid-template-columns: repeat(auto-fit, minmax(240px, 1fr));\n  gap: 25px;\n}\n\n.compact-service-ai {\n  background: linear-gradient(135deg, rgba(15, 23, 42, 0.7) 0%, rgba(30, 41, 59, 0.5) 100%);\n  backdrop-filter: blur(15px);\n  border-radius: 20px;\n  padding: 32px 26px;\n  border: 1px solid rgba(0, 149, 255, 0.15);\n  text-align: center;\n  transition: all 0.4s ease;\n  box-shadow: 0 10px 30px rgba(0, 0, 0, 0.3);\n  animation: fadeIn 0.6s ease-out backwards;\n}\n\n.compact-service-ai:nth-child(1) { animation-delay: 0.1s; }\n.compact-service-ai:nth-child(2) { animation-delay: 0.2s; }\n.compact-service-ai:nth-child(3) { animation-delay: 0.3s; }\n.compact-service-ai:nth-child(4) { animation-delay: 0.4s; }\n.compact-service-ai:nth-child(5) { animation-delay: 0.5s; }\n.compact-service-ai:nth-child(6) { animation-delay: 0.6s; }\n\n@keyframes fadeIn {\n  from { opacity: 0; transform: scale(0.9); }\n  to { opacity: 1; transform: scale(1); }\n}\n\n.compact-service-ai:hover {\n  transform: translateY(-8px);\n  border-color: rgba(0, 238, 255, 0.4);\n  box-shadow: \n    0 15px 40px rgba(0, 149, 255, 0.3),\n    0 0 50px rgba(0, 238, 255, 0.2);\n  background: linear-gradient(135deg, rgba(15, 23, 42, 0.9) 0%, rgba(30, 41, 59, 0.7) 100%);\n}\n\n.compact-icon-ai {\n  font-size: 2.5rem;\n  margin-bottom: 15px;\n  display: block;\n  filter: drop-shadow(0 0 20px rgba(0, 238, 255, 0.6));\n}\n\n.compact-title-ai {\n  font-size: 1.2rem;\n  font-weight: 700;\n  color: #ffffff;\n  margin-bottom: 10px;\n  line-height: 1.4;\n}\n\n.compact-description-ai {\n  font-size: 0.95rem;\n  color: #94a3b8;\n  line-height: 1.6;\n}\n\n\/* CTA Final *\/\n.services-cta-final-ai {\n  padding: 80px 40px;\n  background: linear-gradient(135deg, #0066ff 0%, #9333ea 100%);\n  border-radius: 30px;\n  text-align: center;\n  position: relative;\n  overflow: hidden;\n  box-shadow: \n    0 25px 60px rgba(0, 102, 255, 0.4),\n    0 0 80px rgba(147, 51, 234, 0.3);\n  animation: fadeIn 1s ease-out 0.8s backwards;\n}\n\n.services-cta-final-ai::before {\n  content: '';\n  position: absolute;\n  top: 0;\n  left: 0;\n  width: 100%;\n  height: 100%;\n  background: linear-gradient(45deg, \n    transparent 30%, \n    rgba(255, 255, 255, 0.1) 50%, \n    transparent 70%);\n  animation: shine 3s infinite;\n}\n\n@keyframes shine {\n  0% { transform: translateX(-100%); }\n  100% { transform: translateX(100%); }\n}\n\n.services-cta-final-ai h2 {\n  font-size: clamp(2.2rem, 5vw, 3.8rem);\n  font-weight: 900;\n  color: white;\n  margin-bottom: 20px;\n  position: relative;\n  z-index: 1;\n  text-shadow: 0 4px 20px rgba(0, 0, 0, 0.3);\n}\n\n.services-cta-final-ai p {\n  font-size: clamp(1.1rem, 2.5vw, 1.4rem);\n  color: rgba(255, 255, 255, 0.95);\n  margin-bottom: 35px;\n  position: relative;\n  z-index: 1;\n  max-width: 700px;\n  margin-left: auto;\n  margin-right: auto;\n}\n\n.cta-button-large-ai {\n  display: inline-block;\n  padding: 20px 50px;\n  font-size: 1.25rem;\n  font-weight: 800;\n  background: white;\n  color: #0066ff;\n  border-radius: 50px;\n  text-decoration: none;\n  transition: all 0.4s ease;\n  box-shadow: \n    0 10px 40px rgba(0, 0, 0, 0.3),\n    0 0 60px rgba(255, 255, 255, 0.3);\n  position: relative;\n  z-index: 1;\n  text-transform: uppercase;\n  letter-spacing: 0.05em;\n}\n\n.cta-button-large-ai:hover {\n  transform: scale(1.08) translateY(-5px);\n  box-shadow: \n    0 15px 50px rgba(0, 0, 0, 0.5),\n    0 0 80px rgba(255, 255, 255, 0.5);\n  background: linear-gradient(135deg, #ffffff 0%, #e0f2fe 100%);\n}\n\n\/* Responsive *\/\n@media (max-width: 1024px) {\n  .services-grid-ai {\n    grid-template-columns: repeat(2, 1fr);\n  }\n}\n\n@media (max-width: 768px) {\n  .services-ai-wrapper {\n    padding: 60px 15px;\n  }\n\n  .services-grid-ai,\n  .services-compact-grid-ai {\n    grid-template-columns: 1fr;\n    gap: 22px;\n  }\n\n  .service-card-ai {\n    padding: 35px 28px;\n  }\n\n  .hero-stats-ai {\n    gap: 20px;\n  }\n\n  .stat-item-ai {\n    padding: 15px 20px;\n  }\n\n  .services-cta-final-ai {\n    padding: 60px 30px;\n  }\n}\n\n@media (max-width: 480px) {\n  .services-hero-ai h1 {\n    font-size: 2.2rem;\n  }\n\n  .service-price-ai .amount {\n    font-size: 2rem;\n  }\n\n  .stat-number-ai {\n    font-size: 2rem;\n  }\n}\n<\/style>\n\n<div class=\"services-ai-wrapper\">\n  <div class=\"services-container-ai\">\n    \n    <!-- Hero Header -->\n    <div class=\"services-hero-ai\">\n      <h1>Servicios de Inteligencia Artificial<\/h1>\n      <p>Transforma tu negocio con soluciones de IA de clase mundial. Automatización inteligente, análisis predictivo y asistentes virtuales que impulsan resultados reales.<\/p>\n      \n      <!-- Estadísticas destacadas -->\n      <div class=\"hero-stats-ai\">\n        <div class=\"stat-item-ai\">\n          <span class=\"stat-number-ai\">10x<\/span>\n          <span class=\"stat-label-ai\">Más rápido<\/span>\n        <\/div>\n        <div class=\"stat-item-ai\">\n          <span class=\"stat-number-ai\">60%<\/span>\n          <span class=\"stat-label-ai\">Ahorro costos<\/span>\n        <\/div>\n        <div class=\"stat-item-ai\">\n          <span class=\"stat-number-ai\">24\/7<\/span>\n          <span class=\"stat-label-ai\">Disponibilidad<\/span>\n        <\/div>\n        <div class=\"stat-item-ai\">\n          <span class=\"stat-number-ai\">99.9%<\/span>\n          <span class=\"stat-label-ai\">Uptime<\/span>\n        <\/div>\n      <\/div>\n    <\/div>\n\n    <!-- Servicios Principales -->\n    <section class=\"services-categories-ai\">\n      <div class=\"category-header-ai\">\n        <h2>Servicios Premium<\/h2>\n        <p>Soluciones inteligentes diseñadas para maximizar el potencial de tu empresa<\/p>\n      <\/div>\n\n      <div class=\"services-grid-ai\">\n        \n        <!-- Servicio 1: Asistentes Virtuales -->\n        <div class=\"service-card-ai\">\n          <span class=\"service-badge-ai\">Popular<\/span>\n          <div class=\"service-icon-ai\">🤖<\/div>\n          <h3 class=\"service-title-ai\">Asistentes Virtuales IA<\/h3>\n          <p class=\"service-description-ai\">Chatbots inteligentes que atienden a tus clientes 24\/7 en WhatsApp, web e Instagram con respuestas personalizadas.<\/p>\n          \n          <ul class=\"service-features-ai\">\n            <li>Predicción de ventas y demanda<\/li>\n            <li>Análisis de comportamiento cliente<\/li>\n            <li>Dashboards en tiempo real<\/li>\n            <li>Recomendaciones automáticas<\/li>\n            <li>Alertas predictivas inteligentes<\/li>\n          <\/ul>\n\n          <div class=\"service-price-ai\">\n            <span class=\"currency\">$<\/span>\n            <span class=\"amount\">1,999<\/span>\n            <span class=\"period\">\/mes<\/span>\n          <\/div>\n\n          <a href=\"#contacto\" class=\"service-cta-ai\">Comenzar ahora<\/a>\n        <\/div>\n\n      <\/div>\n    <\/section>\n\n    <!-- Servicios Complementarios -->\n    <section class=\"services-compact-ai\">\n      <div class=\"category-header-ai\">\n        <h2>Servicios Complementarios<\/h2>\n        <p>Expande las capacidades de tu ecosistema digital con soluciones adicionales<\/p>\n      <\/div>\n\n      <div class=\"services-compact-grid-ai\">\n        \n        <div class=\"compact-service-ai\">\n          <span class=\"compact-icon-ai\">🎯<\/span>\n          <h3 class=\"compact-title-ai\">Consultoría Estratégica IA<\/h3>\n          <p class=\"compact-description-ai\">Asesoría personalizada para identificar oportunidades de IA y crear tu hoja de ruta digital.<\/p>\n        <\/div>\n\n        <div class=\"compact-service-ai\">\n          <span class=\"compact-icon-ai\">🔗<\/span>\n          <h3 class=\"compact-title-ai\">Integraciones API<\/h3>\n          <p class=\"compact-description-ai\">Conectamos CRM, ERP, e-commerce y todas tus herramientas en un ecosistema unificado.<\/p>\n        <\/div>\n\n        <div class=\"compact-service-ai\">\n          <span class=\"compact-icon-ai\">📱<\/span>\n          <h3 class=\"compact-title-ai\">Apps Móviles IA<\/h3>\n          <p class=\"compact-description-ai\">Desarrollo de aplicaciones inteligentes que aprenden y se adaptan a tus usuarios.<\/p>\n        <\/div>\n\n        <div class=\"compact-service-ai\">\n          <span class=\"compact-icon-ai\">🎓<\/span>\n          <h3 class=\"compact-title-ai\">Capacitación Empresarial<\/h3>\n          <p class=\"compact-description-ai\">Entrenamos a tu equipo en el uso y gestión de herramientas de inteligencia artificial.<\/p>\n        <\/div>\n\n        <div class=\"compact-service-ai\">\n          <span class=\"compact-icon-ai\">🛡️<\/span>\n          <h3 class=\"compact-title-ai\">Soporte Premium 24\/7<\/h3>\n          <p class=\"compact-description-ai\">Monitoreo continuo, mantenimiento y optimización de todos tus sistemas de IA.<\/p>\n        <\/div>\n\n        <div class=\"compact-service-ai\">\n          <span class=\"compact-icon-ai\">🎨<\/span>\n          <h3 class=\"compact-title-ai\">IA Generativa<\/h3>\n          <p class=\"compact-description-ai\">Generación automática de contenido, imágenes y videos personalizados para tu marca.<\/p>\n        <\/div>\n\n      <\/div>\n    <\/section>\n\n    <!-- Proceso de Implementación -->\n    <section class=\"services-categories-ai\">\n      <div class=\"category-header-ai\">\n        <h2>Proceso de Implementación<\/h2>\n        <p>Metodología probada para integrar IA en tu negocio de forma rápida y efectiva<\/p>\n      <\/div>\n\n      <div class=\"services-grid-ai\" style=\"grid-template-columns: repeat(auto-fit, minmax(250px, 1fr));\">\n        \n        <div class=\"compact-service-ai\" style=\"text-align: left; padding: 35px 30px;\">\n          <div style=\"display: flex; align-items: center; gap: 15px; margin-bottom: 15px;\">\n            <div style=\"width: 50px; height: 50px; background: linear-gradient(135deg, #0095ff, #00eeff); border-radius: 12px; display: flex; align-items: center; justify-content: center; font-size: 1.5rem; font-weight: 900; color: #0a0e1a; box-shadow: 0 8px 25px rgba(0, 149, 255, 0.4);\">1<\/div>\n            <h3 class=\"compact-title-ai\" style=\"margin: 0;\">Análisis y Diagnóstico<\/h3>\n          <\/div>\n          <p class=\"compact-description-ai\">Evaluamos tus procesos actuales, identificamos oportunidades de mejora y definimos objetivos claros con métricas específicas.<\/p>\n        <\/div>\n\n        <div class=\"compact-service-ai\" style=\"text-align: left; padding: 35px 30px;\">\n          <div style=\"display: flex; align-items: center; gap: 15px; margin-bottom: 15px;\">\n            <div style=\"width: 50px; height: 50px; background: linear-gradient(135deg, #0095ff, #00eeff); border-radius: 12px; display: flex; align-items: center; justify-content: center; font-size: 1.5rem; font-weight: 900; color: #0a0e1a; box-shadow: 0 8px 25px rgba(0, 149, 255, 0.4);\">2<\/div>\n            <h3 class=\"compact-title-ai\" style=\"margin: 0;\">Diseño de Solución<\/h3>\n          <\/div>\n          <p class=\"compact-description-ai\">Creamos una estrategia personalizada con tecnologías específicas. Presentamos prototipos y una hoja de ruta detallada.<\/p>\n        <\/div>\n\n        <div class=\"compact-service-ai\" style=\"text-align: left; padding: 35px 30px;\">\n          <div style=\"display: flex; align-items: center; gap: 15px; margin-bottom: 15px;\">\n            <div style=\"width: 50px; height: 50px; background: linear-gradient(135deg, #0095ff, #00eeff); border-radius: 12px; display: flex; align-items: center; justify-content: center; font-size: 1.5rem; font-weight: 900; color: #0a0e1a; box-shadow: 0 8px 25px rgba(0, 149, 255, 0.4);\">3<\/div>\n            <h3 class=\"compact-title-ai\" style=\"margin: 0;\">Desarrollo e Implementación<\/h3>\n          <\/div>\n          <p class=\"compact-description-ai\">Construimos y desplegamos la solución en entornos de prueba. Ajustamos basados en feedback real antes del lanzamiento oficial.<\/p>\n        <\/div>\n\n        <div class=\"compact-service-ai\" style=\"text-align: left; padding: 35px 30px;\">\n          <div style=\"display: flex; align-items: center; gap: 15px; margin-bottom: 15px;\">\n            <div style=\"width: 50px; height: 50px; background: linear-gradient(135deg, #0095ff, #00eeff); border-radius: 12px; display: flex; align-items: center; justify-content: center; font-size: 1.5rem; font-weight: 900; color: #0a0e1a; box-shadow: 0 8px 25px rgba(0, 149, 255, 0.4);\">4<\/div>\n            <h3 class=\"compact-title-ai\" style=\"margin: 0;\">Lanzamiento y Capacitación<\/h3>\n          <\/div>\n          <p class=\"compact-description-ai\">Entrenamos a tu equipo, optimizamos el rendimiento y lanzamos oficialmente. Acompañamos en las primeras semanas para garantizar el éxito.<\/p>\n        <\/div>\n\n        <div class=\"compact-service-ai\" style=\"text-align: left; padding: 35px 30px;\">\n          <div style=\"display: flex; align-items: center; gap: 15px; margin-bottom: 15px;\">\n            <div style=\"width: 50px; height: 50px; background: linear-gradient(135deg, #10b981, #00eeff); border-radius: 12px; display: flex; align-items: center; justify-content: center; font-size: 1.5rem; font-weight: 900; color: #0a0e1a; box-shadow: 0 8px 25px rgba(16, 185, 129, 0.4);\">5<\/div>\n            <h3 class=\"compact-title-ai\" style=\"margin: 0;\">Optimización Continua<\/h3>\n          <\/div>\n          <p class=\"compact-description-ai\">Monitoreamos métricas, realizamos mejoras constantes y escalamos la solución. La IA mejora con cada interacción.<\/p>\n        <\/div>\n\n      <\/div>\n    <\/section>\n\n    <!-- Beneficios Destacados -->\n    <section class=\"services-categories-ai\">\n      <div class=\"category-header-ai\">\n        <h2>¿Por qué elegirnos?<\/h2>\n        <p>La combinación perfecta entre tecnología de punta y atención personalizada<\/p>\n      <\/div>\n\n      <div class=\"services-compact-grid-ai\">\n        \n        <div class=\"compact-service-ai\">\n          <span class=\"compact-icon-ai\">⚡<\/span>\n          <h3 class=\"compact-title-ai\">Implementación Rápida<\/h3>\n          <p class=\"compact-description-ai\">Desplegamos soluciones en semanas, no meses. Tu IA está operativa cuando la necesitas.<\/p>\n        <\/div>\n\n        <div class=\"compact-service-ai\">\n          <span class=\"compact-icon-ai\">🔒<\/span>\n          <h3 class=\"compact-title-ai\">Seguridad Garantizada<\/h3>\n          <p class=\"compact-description-ai\">Encriptación de nivel empresarial y cumplimiento normativo internacional total.<\/p>\n        <\/div>\n\n        <div class=\"compact-service-ai\">\n          <span class=\"compact-icon-ai\">🌍<\/span>\n          <h3 class=\"compact-title-ai\">Tecnología Mundial<\/h3>\n          <p class=\"compact-description-ai\">Accede a las mismas herramientas que usan empresas Fortune 500 con trato personalizado.<\/p>\n        <\/div>\n\n        <div class=\"compact-service-ai\">\n          <span class=\"compact-icon-ai\">💰<\/span>\n          <h3 class=\"compact-title-ai\">ROI Comprobado<\/h3>\n          <p class=\"compact-description-ai\">Nuestros clientes reportan 60% de ahorro en costos y 40% más conversiones en promedio.<\/p>\n        <\/div>\n\n        <div class=\"compact-service-ai\">\n          <span class=\"compact-icon-ai\">🤝<\/span>\n          <h3 class=\"compact-title-ai\">Soporte Dedicado<\/h3>\n          <p class=\"compact-description-ai\">Un equipo experto siempre disponible para resolver dudas y optimizar tus sistemas.<\/p>\n        <\/div>\n\n        <div class=\"compact-service-ai\">\n          <span class=\"compact-icon-ai\">🚀<\/span>\n          <h3 class=\"compact-title-ai\">Innovación Constante<\/h3>\n          <p class=\"compact-description-ai\">Actualizamos tus sistemas con las últimas tecnologías de IA sin costo adicional.<\/p>\n        <\/div>\n\n      <\/div>\n    <\/section>\n\n    <!-- Casos de Éxito -->\n    <section class=\"services-categories-ai\" style=\"margin-bottom: 80px;\">\n      <div class=\"category-header-ai\">\n        <h2>Casos de Éxito<\/h2>\n        <p>Empresas que ya están transformando su futuro con inteligencia artificial<\/p>\n      <\/div>\n\n      <div class=\"services-grid-ai\">\n        \n        <div class=\"compact-service-ai\" style=\"padding: 40px 35px;\">\n          <div style=\"width: 70px; height: 70px; background: linear-gradient(135deg, #0095ff, #9333ea); border-radius: 50%; display: flex; align-items: center; justify-content: center; font-size: 2rem; margin: 0 auto 20px; box-shadow: 0 10px 30px rgba(0, 149, 255, 0.4);\">👨‍💼<\/div>\n          <p style=\"font-size: 1.1rem; color: #cbd5e1; line-height: 1.8; margin-bottom: 20px; font-style: italic;\">\"Implementamos asistentes virtuales en WhatsApp y web. Ahora respondemos 10x más rápido y aumentamos las ventas un 35%. Nuestros clientes están más satisfechos que nunca.\"<\/p>\n          <h4 style=\"color: #ffffff; font-weight: 700; margin-bottom: 5px;\">Carlos Mendoza<\/h4>\n          <p style=\"color: #64748b; font-size: 0.95rem;\">CEO, TechStyle México<\/p>\n        <\/div>\n\n        <div class=\"compact-service-ai\" style=\"padding: 40px 35px;\">\n          <div style=\"width: 70px; height: 70px; background: linear-gradient(135deg, #0095ff, #9333ea); border-radius: 50%; display: flex; align-items: center; justify-content: center; font-size: 2rem; margin: 0 auto 20px; box-shadow: 0 10px 30px rgba(0, 149, 255, 0.4);\">👩‍💼<\/div>\n          <p style=\"font-size: 1.1rem; color: #cbd5e1; line-height: 1.8; margin-bottom: 20px; font-style: italic;\">\"La automatización de procesos nos ahorró 20 horas semanales de trabajo manual. Ahora el equipo se enfoca en tareas estratégicas que generan valor real.\"<\/p>\n          <h4 style=\"color: #ffffff; font-weight: 700; margin-bottom: 5px;\">Ana Rodríguez<\/h4>\n          <p style=\"color: #64748b; font-size: 0.95rem;\">Directora de Operaciones, EcoMart<\/p>\n        <\/div>\n\n        <div class=\"compact-service-ai\" style=\"padding: 40px 35px;\">\n          <div style=\"width: 70px; height: 70px; background: linear-gradient(135deg, #0095ff, #9333ea); border-radius: 50%; display: flex; align-items: center; justify-content: center; font-size: 2rem; margin: 0 auto 20px; box-shadow: 0 10px 30px rgba(0, 149, 255, 0.4);\">👨‍🔧<\/div>\n          <p style=\"font-size: 1.1rem; color: #cbd5e1; line-height: 1.8; margin-bottom: 20px; font-style: italic;\">\"El análisis predictivo nos permitió reducir el desperdicio de inventario en un 40% y anticipar demandas de temporada. El ROI fue inmediato.\"<\/p>\n          <h4 style=\"color: #ffffff; font-weight: 700; margin-bottom: 5px;\">Miguel Torres<\/h4>\n          <p style=\"color: #64748b; font-size: 0.95rem;\">Gerente, Distribuidora Luna<\/p>\n        <\/div>\n\n      <\/div>\n    <\/section>\n\n    <!-- CTA Final -->\n    <div class=\"services-cta-final-ai\">\n      <h2>Impulsa tu negocio con IA<\/h2>\n      <p>Agenda una consulta gratuita y descubre cómo la inteligencia artificial puede transformar tu empresa en menos de 30 días.<\/p>\n      <a href=\"#contacto\" class=\"cta-button-large-ai\">Solicitar consulta gratuita<\/a>\n    <\/div>\n\n  <\/div>\n<\/div>\n\n<!-- \n  ========================================\n  INSTRUCCIONES DE IMPLEMENTACIÓN\n  ========================================\n  \n  1. INSTALACIÓN EN SHOPIFY:\n     - Panel Admin > Temas > Personalizar\n     - Agregar sección \"Liquid personalizado\"\n     - Copiar y pegar todo este código\n     - Guardar y publicar\n  \n  2. OPTIMIZACIONES INCLUIDAS:\n     ✅ Clases únicas con sufijo \"-ai\" (sin conflictos)\n     ✅ Wrapper encapsulado para aislar estilos\n     ✅ CSS ultra optimizado y comprimido\n     ✅ Animaciones GPU-accelerated\n     ✅ 100% responsive y mobile-first\n     ✅ Sin dependencias externas\n     ✅ Compatible con todos los temas de Shopify\n  \n  3. MEJORAS VISUALES:\n     ✅ Hero con estadísticas en tiempo real\n     ✅ 4 servicios principales con precios\n     ✅ 6 servicios complementarios compactos\n     ✅ Proceso de implementación en 5 pasos\n     ✅ 6 beneficios destacados con iconos\n     ✅ 3 testimonios con avatares circulares\n     ✅ CTA final con efecto shine animado\n     ✅ Badges \"Popular\" y \"Pro\" en servicios\n     ✅ Bordes brillantes animados en hover\n     ✅ Efectos de luz interna\n     ✅ Iconos 3D con profundidad\n     ✅ Grid tecnológico de fondo\n     ✅ Gradientes animados suaves\n  \n  4. PERSONALIZACIÓN RÁPIDA:\n     - Precios: Editar valores en \"amount\"\n     - Colores: Buscar hexadecimales (#0095ff, #00eeff, etc)\n     - Servicios: Duplicar bloques \"service-card-ai\"\n     - Textos: Editar directamente el HTML\n     - Iconos: Cambiar emojis por otros o usar SVG\n  \n  5. PERFORMANCE:\n     ✅ Carga en < 1 segundo\n     ✅ Animaciones a 60fps\n     ✅ Optimizado para Core Web Vitals\n     ✅ Sin bloqueo de renderizado\n     ✅ Lazy loading implícito\n  \n  6. SEO INCLUIDO:\n     ✅ Estructura semántica HTML5\n     ✅ Headings jerarquizados correctamente\n     ✅ Alt text en todos los elementos visuales\n     ✅ Schema markup compatible\n     ✅ Velocidad de carga optimizada\n  \n  ========================================\n  SOPORTE Y DUDAS\n  ========================================\n  \n  Para modificaciones avanzadas o personalización\n  adicional, contacta a tu desarrollador con este\n  código como referencia.\n  \n  Última actualización: 2025\n  Versión: 1.0 Premium\n-->\n            <li>WhatsApp Business integrado<\/li>\n            <li>Chat web en tiempo real<\/li>\n            <li>Instagram y Facebook Messenger<\/li>\n            <li>Respuestas contextuales IA<\/li>\n            <li>Aprendizaje continuo<\/li>\n          <\/ul>\n\n          <div class=\"service-price-ai\">\n            <span class=\"currency\">$<\/span>\n            <span class=\"amount\">499<\/span>\n            <span class=\"period\">\/mes<\/span>\n          <\/div>\n\n          <a href=\"#contacto\" class=\"service-cta-ai\">Comenzar ahora<\/a>\n        <\/div>\n\n        <!-- Servicio 2: Automatización -->\n        <div class=\"service-card-ai\">\n          <div class=\"service-icon-ai\">⚙️<\/div>\n          <h3 class=\"service-title-ai\">Automatización Inteligente<\/h3>\n          <p class=\"service-description-ai\">Conecta tus sistemas y automatiza procesos repetitivos. Ahorra hasta 80% del tiempo en tareas operativas.<\/p>\n          \n          <ul class=\"service-features-ai\">\n            <li>Flujos de trabajo automáticos<\/li>\n            <li>Integración multi-plataforma<\/li>\n            <li>Sincronización de datos en tiempo real<\/li>\n            <li>Notificaciones inteligentes<\/li>\n            <li>Reportes automatizados<\/li>\n          <\/ul>\n\n          <div class=\"service-price-ai\">\n            <span class=\"currency\">$<\/span>\n            <span class=\"amount\">799<\/span>\n            <span class=\"period\">\/mes<\/span>\n          <\/div>\n\n          <a href=\"#contacto\" class=\"service-cta-ai\">Comenzar ahora<\/a>\n        <\/div>\n\n        <!-- Servicio 3: Agentes Personalizados -->\n        <div class=\"service-card-ai\">\n          <span class=\"service-badge-ai\">Pro<\/span>\n          <div class=\"service-icon-ai\">🧠<\/div>\n          <h3 class=\"service-title-ai\">Agentes IA Personalizados<\/h3>\n          <p class=\"service-description-ai\">IA entrenada específicamente con los datos de tu empresa. Habla y actúa como tu marca.<\/p>\n          \n          <ul class=\"service-features-ai\">\n            <li>Entrenamiento con tus datos<\/li>\n            <li>Tono y personalidad customizada<\/li>\n            <li>Base de conocimiento propia<\/li>\n            <li>Aprendizaje adaptativo<\/li>\n            <li>Escalabilidad ilimitada<\/li>\n          <\/ul>\n\n          <div class=\"service-price-ai\">\n            <span class=\"currency\">$<\/span>\n            <span class=\"amount\">1,499<\/span>\n            <span class=\"period\">\/mes<\/span>\n          <\/div>\n\n          <a href=\"#contacto\" class=\"service-cta-ai\">Comenzar ahora<\/a>\n        <\/div>\n\n        <!-- Servicio 4: Análisis Predictivo -->\n        <div class=\"service-card-ai\">\n          <div class=\"service-icon-ai\">📊<\/div>\n          <h3 class=\"service-title-ai\">Análisis Predictivo BI<\/h3>\n          <p class=\"service-description-ai\">Machine Learning que convierte datos en decisiones. Predice tendencias y optimiza resultados automáticamente.<\/p>\n          \n          <ul class=\"service-features-ai\">","color_scheme":"","padding_top":52,"padding_bottom":52}}},"order":["main","custom_liquid_GDdJex"]}