{"name":"t:sections.footer.name","type":"footer","sections":{"newsletter":{"type":"newsletter","blocks":{"heading":{"type":"heading","settings":{"heading":"Únete a la comunidad ALCI y recibe acceso exclusivo a novedades de IA, lanzamientos y beneficios.","heading_size":"h2"}},"paragraph":{"type":"paragraph","settings":{"text":"<p>No enviamos spam. Solo ideas y oportunidades para líderes digitales.<\/p>"}},"email-form":{"type":"email_form","settings":{}}},"block_order":["heading","paragraph","email-form"],"custom_css":[".newsletter {background: #00142e !important; padding: 60px 20px !important;}","h2 {color: #4daaff !important; font-weight: 700 !important; font-size: 30px !important;}","p {color: #c9d3e0 !important;}","input[type=\"email\"] {background: #162032 !important; border: 2px solid #4daaff !important; color: #fff !important; padding: 16px !important; border-radius: 8px !important;}","button {background: #4daaff !important; color: #00142e !important; padding: 16px 40px !important; border-radius: 8px !important; font-weight: 700 !important;}"],"settings":{"color_scheme":"scheme-4","full_width":true,"padding_top":44,"padding_bottom":8}},"footer":{"type":"footer","settings":{"color_scheme":"scheme-2","newsletter_enable":false,"newsletter_heading":"Subscribe to our emails","enable_follow_on_shop":true,"show_social":true,"enable_country_selector":true,"enable_language_selector":true,"payment_enable":false,"show_policy":true,"margin_top":0,"padding_top":44,"padding_bottom":48}}},"order":["newsletter","footer"]}