{"name":"t:sections.header.name","type":"header","sections":{"announcement-bar":{"type":"announcement-bar","blocks":{"announcement-bar-0":{"type":"announcement","settings":{"text":"Impulsa tu empresa con IA de clase mundial","link":"shopify:\/\/pages\/planes"}}},"block_order":["announcement-bar-0"],"settings":{"auto_rotate":false,"change_slides_speed":5,"color_scheme":"scheme-1","show_line_separator":false,"show_social":false,"enable_country_selector":false,"enable_language_selector":false}},"header":{"type":"header","settings":{"logo_position":"top-center","mobile_logo_position":"center","menu":"main-menu","menu_type_desktop":"dropdown","sticky_header_type":"reduce-logo-size","show_line_separator":false,"color_scheme":"scheme-11bafa96-2ad8-42bf-9d98-7afe5e042e9c","menu_color_scheme":"scheme-11bafa96-2ad8-42bf-9d98-7afe5e042e9c","enable_country_selector":true,"enable_language_selector":true,"enable_customer_avatar":true,"margin_bottom":0,"padding_top":0,"padding_bottom":0}}},"order":["announcement-bar","header"]}