{"current":{"logo":"shopify:\/\/shop_images\/Captura_de_pantalla_2025-10-16_a_la_s_10.48.53_p.m..png","logo_width":50,"type_header_font":"poppins_n7","heading_scale":140,"type_body_font":"inter_n4","body_scale":110,"page_width":1200,"spacing_sections":36,"spacing_grid_horizontal":40,"spacing_grid_vertical":40,"animations_reveal_on_scroll":true,"animations_hover_elements":"vertical-lift","buttons_border_thickness":1,"buttons_border_opacity":55,"buttons_radius":10,"buttons_shadow_opacity":0,"buttons_shadow_horizontal_offset":0,"buttons_shadow_vertical_offset":4,"buttons_shadow_blur":5,"variant_pills_border_thickness":0,"variant_pills_border_opacity":10,"variant_pills_radius":10,"variant_pills_shadow_opacity":0,"variant_pills_shadow_horizontal_offset":0,"variant_pills_shadow_vertical_offset":4,"variant_pills_shadow_blur":5,"inputs_border_thickness":1,"inputs_border_opacity":55,"inputs_radius":10,"inputs_shadow_opacity":0,"inputs_shadow_horizontal_offset":0,"inputs_shadow_vertical_offset":4,"inputs_shadow_blur":5,"card_style":"card","card_image_padding":0,"card_text_alignment":"center","card_color_scheme":"scheme-1","card_border_thickness":0,"card_border_opacity":10,"card_corner_radius":20,"card_shadow_opacity":15,"card_shadow_horizontal_offset":10,"card_shadow_vertical_offset":10,"card_shadow_blur":35,"collection_card_style":"card","collection_card_image_padding":0,"collection_card_text_alignment":"center","collection_card_color_scheme":"scheme-1","collection_card_border_thickness":0,"collection_card_border_opacity":10,"collection_card_corner_radius":12,"collection_card_shadow_opacity":5,"collection_card_shadow_horizontal_offset":10,"collection_card_shadow_vertical_offset":10,"collection_card_shadow_blur":35,"blog_card_style":"card","blog_card_image_padding":0,"blog_card_text_alignment":"center","blog_card_color_scheme":"scheme-1","blog_card_border_thickness":0,"blog_card_border_opacity":10,"blog_card_corner_radius":12,"blog_card_shadow_opacity":5,"blog_card_shadow_horizontal_offset":10,"blog_card_shadow_vertical_offset":10,"blog_card_shadow_blur":35,"text_boxes_border_thickness":0,"text_boxes_border_opacity":10,"text_boxes_radius":24,"text_boxes_shadow_opacity":0,"text_boxes_shadow_horizontal_offset":10,"text_boxes_shadow_vertical_offset":12,"text_boxes_shadow_blur":20,"media_border_thickness":0,"media_border_opacity":10,"media_radius":12,"media_shadow_opacity":10,"media_shadow_horizontal_offset":10,"media_shadow_vertical_offset":12,"media_shadow_blur":20,"popup_border_thickness":1,"popup_border_opacity":10,"popup_corner_radius":22,"popup_shadow_opacity":10,"popup_shadow_horizontal_offset":10,"popup_shadow_vertical_offset":12,"popup_shadow_blur":20,"drawer_border_thickness":1,"drawer_border_opacity":10,"drawer_shadow_opacity":0,"drawer_shadow_horizontal_offset":0,"drawer_shadow_vertical_offset":4,"drawer_shadow_blur":5,"badge_position":"bottom left","badge_corner_radius":20,"sale_badge_color_scheme":"scheme-5","sold_out_badge_color_scheme":"scheme-3","brand_headline":"","brand_description":"<p><\/p>","brand_image_width":100,"social_facebook_link":"","social_instagram_link":"","social_youtube_link":"","social_tiktok_link":"","social_twitter_link":"","social_snapchat_link":"","social_pinterest_link":"","social_tumblr_link":"","social_vimeo_link":"","predictive_search_enabled":true,"predictive_search_show_vendor":false,"predictive_search_show_price":true,"currency_code_enabled":true,"cart_type":"notification","show_vendor":false,"show_cart_note":true,"cart_drawer_collection":"","cart_color_scheme":"scheme-1","sections":{"main-password-header":{"type":"main-password-header","settings":{"color_scheme":"scheme-1"}},"main-password-footer":{"type":"main-password-footer","settings":{"color_scheme":"scheme-1"}}},"content_for_index":[],"color_schemes":{"scheme-1":{"settings":{"background":"#00142e","background_gradient":"linear-gradient(180deg, rgba(0, 20, 46, 1), rgba(0, 88, 204, 1) 100%)","text":"#ffffff","button":"#002a57","button_label":"#fdfbf7","secondary_button_label":"#00afff","shadow":"#2e2a39"}},"scheme-2":{"settings":{"background":"#00142e","background_gradient":"linear-gradient(310deg, rgba(0, 224, 254, 1) 15%, rgba(0, 0, 0, 1) 85%)","text":"#ffffff","button":"#4daaff","button_label":"#ffffff","secondary_button_label":"#2563eb","shadow":"#2563eb"}},"scheme-3":{"settings":{"background":"#0e1724","background_gradient":"linear-gradient(310deg, rgba(17, 189, 251, 1) 15%, rgba(33, 249, 150, 1) 85%)","text":"#fdfbf7","button":"#fdfbf7","button_label":"#ffffff","secondary_button_label":"#fdfbf7","shadow":"#2e2a39"}},"scheme-4":{"settings":{"background":"#000000","background_gradient":"","text":"#fdfbf7","button":"#fdfbf7","button_label":"#ffffff","secondary_button_label":"#fdfbf7","shadow":"#2e2a39"}},"scheme-5":{"settings":{"background":"#000000","background_gradient":"linear-gradient(320deg, rgba(0, 224, 254, 1), rgba(0, 0, 0, 1) 100%)","text":"#fdfbf7","button":"#fdfbf7","button_label":"#ffffff","secondary_button_label":"#fdfbf7","shadow":"#2e2a39"}},"scheme-11bafa96-2ad8-42bf-9d98-7afe5e042e9c":{"settings":{"background":"#000000","background_gradient":"linear-gradient(180deg, rgba(0, 20, 46, 1), rgba(0, 112, 243, 1) 100%)","text":"#ffffff","button":"#00afff","button_label":"#fdfbf7","secondary_button_label":"#00afff","shadow":"#2e2a39"}}}},"presets":{"Sense":{"logo_width":70,"color_schemes":{"scheme-1":{"settings":{"background":"#FDFBF7","background_gradient":"linear-gradient(180deg, rgba(240, 244, 236, 1), rgba(241, 235, 226, 1) 100%)","text":"#2E2A39","button":"#9B046F","button_label":"#FDFBF7","secondary_button_label":"#2E2A39","shadow":"#2E2A39"}},"scheme-2":{"settings":{"background":"#EDFFA7","background_gradient":"radial-gradient(rgba(255, 229, 229, 1), rgba(255, 224, 218, 1) 25%, rgba(215, 255, 137, 1) 100%)","text":"#2E2A39","button":"#2E2A39","button_label":"#EDFFA7","secondary_button_label":"#2E2A39","shadow":"#2E2A39"}},"scheme-3":{"settings":{"background":"#2E2A39","background_gradient":"","text":"#FDFBF7","button":"#FDFBF7","button_label":"#2E2A39","secondary_button_label":"#FDFBF7","shadow":"#2E2A39"}},"scheme-4":{"settings":{"background":"#9B046F","background_gradient":"","text":"#FDFBF7","button":"#FDFBF7","button_label":"#9B046F","secondary_button_label":"#FDFBF7","shadow":"#2E2A39"}},"scheme-5":{"settings":{"background":"#5E3653","background_gradient":"linear-gradient(320deg, rgba(134, 16, 106, 1), rgba(94, 54, 83, 1) 100%)","text":"#FDFBF7","button":"#FDFBF7","button_label":"#5E3653","secondary_button_label":"#FDFBF7","shadow":"#2E2A39"}}},"type_header_font":"poppins_n5","heading_scale":120,"type_body_font":"poppins_n4","body_scale":100,"page_width":1200,"spacing_sections":36,"spacing_grid_horizontal":40,"spacing_grid_vertical":40,"animations_reveal_on_scroll":true,"animations_hover_elements":"none","buttons_border_thickness":1,"buttons_border_opacity":55,"buttons_radius":10,"buttons_shadow_opacity":0,"buttons_shadow_horizontal_offset":0,"buttons_shadow_vertical_offset":4,"buttons_shadow_blur":5,"variant_pills_border_thickness":0,"variant_pills_border_opacity":10,"variant_pills_radius":10,"variant_pills_shadow_opacity":0,"variant_pills_shadow_horizontal_offset":0,"variant_pills_shadow_vertical_offset":4,"variant_pills_shadow_blur":5,"inputs_border_thickness":1,"inputs_border_opacity":55,"inputs_radius":10,"inputs_shadow_opacity":0,"inputs_shadow_horizontal_offset":0,"inputs_shadow_vertical_offset":4,"inputs_shadow_blur":5,"card_style":"card","card_image_padding":0,"card_text_alignment":"center","card_color_scheme":"scheme-1","card_border_thickness":0,"card_border_opacity":10,"card_corner_radius":12,"card_shadow_opacity":5,"card_shadow_horizontal_offset":10,"card_shadow_vertical_offset":10,"card_shadow_blur":35,"collection_card_style":"card","collection_card_image_padding":0,"collection_card_text_alignment":"center","collection_card_color_scheme":"scheme-1","collection_card_border_thickness":0,"collection_card_border_opacity":10,"collection_card_corner_radius":12,"collection_card_shadow_opacity":5,"collection_card_shadow_horizontal_offset":10,"collection_card_shadow_vertical_offset":10,"collection_card_shadow_blur":35,"blog_card_style":"card","blog_card_image_padding":0,"blog_card_text_alignment":"center","blog_card_color_scheme":"scheme-1","blog_card_border_thickness":0,"blog_card_border_opacity":10,"blog_card_corner_radius":12,"blog_card_shadow_opacity":5,"blog_card_shadow_horizontal_offset":10,"blog_card_shadow_vertical_offset":10,"blog_card_shadow_blur":35,"text_boxes_border_thickness":0,"text_boxes_border_opacity":10,"text_boxes_radius":24,"text_boxes_shadow_opacity":0,"text_boxes_shadow_horizontal_offset":10,"text_boxes_shadow_vertical_offset":12,"text_boxes_shadow_blur":20,"media_border_thickness":0,"media_border_opacity":10,"media_radius":12,"media_shadow_opacity":10,"media_shadow_horizontal_offset":10,"media_shadow_vertical_offset":12,"media_shadow_blur":20,"popup_border_thickness":1,"popup_border_opacity":10,"popup_corner_radius":22,"popup_shadow_opacity":10,"popup_shadow_horizontal_offset":10,"popup_shadow_vertical_offset":12,"popup_shadow_blur":20,"drawer_border_thickness":1,"drawer_border_opacity":10,"drawer_shadow_opacity":0,"drawer_shadow_horizontal_offset":0,"drawer_shadow_vertical_offset":4,"drawer_shadow_blur":5,"badge_position":"bottom left","badge_corner_radius":20,"sale_badge_color_scheme":"scheme-5","sold_out_badge_color_scheme":"scheme-3","brand_headline":"","brand_description":"<p><\/p>","brand_image_width":"100","social_twitter_link":"","social_facebook_link":"","social_pinterest_link":"","social_instagram_link":"","social_tiktok_link":"","social_tumblr_link":"","social_snapchat_link":"","social_youtube_link":"","social_vimeo_link":"","predictive_search_enabled":true,"predictive_search_show_vendor":false,"predictive_search_show_price":true,"currency_code_enabled":true,"cart_type":"notification","show_vendor":false,"show_cart_note":true,"cart_drawer_collection":"","cart_color_scheme":"scheme-1","sections":{"main-password-header":{"type":"main-password-header","settings":{"color_scheme":"scheme-1"}},"main-password-footer":{"type":"main-password-footer","settings":{"color_scheme":"scheme-1"}}}}},"platform_customizations":{"custom_css":["\/*PLANES PREMIUM*\/.rte h1:first-child {font-size: clamp(2.5rem, 6vw, 4rem) !important; font-weight: 900 !important; background: linear-gradient(135deg, #44ffd1, #066aff); -webkit-background-clip: text; -webkit-text-fill-color: transparent; margin-bottom: 24px !important;}",".rte h1 + p {font-size: clamp(1.1rem, 2.5vw, 1.4rem) !important; color: #b8c9df !important; margin: 0 auto 50px !important;}",".rte div {background: rgba(255, 255, 255, 0.06) !important; border: 2px solid rgba(6, 106, 255, 0.35) !important; border-radius: 20px !important; padding: 40px 32px !important; transition: all 0.35s; box-shadow: 0 6px 12px rgba(0, 0, 0, 0.2);}",".rte div:hover {transform: translateY(-6px); border-color: rgba(68, 255, 209, 0.65) !important; box-shadow: 0 10px 24px rgba(68, 255, 209, 0.3);}",".rte a {display: block; width: 100%; margin-top: 24px; padding: 16px 32px !important; background: linear-gradient(135deg, #066aff, #44ffd1) !important; color: #fff !important; text-decoration: none !important; border-radius: 12px !important; font-size: 1.1rem !important; font-weight: 700 !important; text-align: center; box-shadow: 0 4px 16px rgba(68, 255, 209, 0.4);}",".rte a:hover {transform: translateY(-2px); box-shadow: 0 6px 20px rgba(68, 255, 209, 0.6);}",".rte ul {list-style: none !important; padding: 0 !important;}",".rte ul li {padding: 12px 0 !important; font-size: 1.05rem !important; color: #d4dfe8 !important; border-bottom: 1px solid rgba(255, 255, 255, 0.1);}","@media (max-width: 768px) {.rte div {padding: 32px 24px !important; }}"]}}